Country,IOC,FIFA,ISO
Afghanistan,AFG,AFG,AFG
Åland Islands,NA,NA,ALA
Albania,ALB,ALB,ALB
Algeria,ALG,ALG,DZA
American Samoa,ASA,ASA,ASM
Andorra,AND,AND,AND
Angola,ANG,ANG,AGO
Anguilla,NA,AIA,AIA
Antarctica,NA,NA,ATA
Antigua and Barbuda,ANT,ATG,ATG
Argentina,ARG,ARG,ARG
Armenia,ARM,ARM,ARM
Aruba,ARU,ARU,ABW
Australia,AUS,AUS,AUS
Austria,AUT,AUT,AUT
Azerbaijan,AZE,AZE,AZE
The Bahamas,BAH,BAH,BHS
Bahrain,BRN,BHR,BHR
Bangladesh,BAN,BAN,BGD
Barbados,BAR,BRB,BRB
Belarus,BLR,BLR,BLR
Belgium,BEL,BEL,BEL
Belize,BIZ,BLZ,BLZ
Benin,BEN,BEN,BEN
Bermuda,BER,BER,BMU
Bhutan,BHU,BHU,BTN
Bolivia,BOL,BOL,BOL
"Caribbean Netherlands: Bonaire, Sint Eustatius and Saba",NA,NA,BES
Bosnia and Herzegovina,BIH,BIH,BIH
Botswana,BOT,BOT,BWA
Bouvet Island,NA,NA,BVT
Brazil,BRA,BRA,BRA
British Indian Ocean Territory,NA,NA,IOT
British Virgin Islands,IVB,VGB,VGB
Brunei,BRU,BRU,BRN
Bulgaria,BUL,BUL,BGR
Burkina Faso,BUR,BFA,BFA
Burundi,BDI,BDI,BDI
Cambodia,CAM,CAM,KHM
Cameroon,CMR,CMR,CMR
Canada,CAN,CAN,CAN
Cape Verde,CPV,CPV,CPV
Cayman Islands,CAY,CAY,CYM
Central African Republic,CAF,CTA,CAF
Chad,CHA,CHA,TCD
Chile,CHI,CHI,CHL
"China, People's Republic of",CHN,CHN,CHN
Chinese Taipei,TPE,TPE,TWN
Christmas Island,NA,NA,CXR
Cocos (Keeling) Islands,NA,NA,CCK
Colombia,COL,COL,COL
Comoros,COM,COM,COM
"Congo, Democratic Republic of the",COD,COD,COD
"Congo, Republic of the",CGO,CGO,COG
Cook Islands,COK,COK,COK
Costa Rica,CRC,CRC,CRI
Côte d'Ivoire,CIV,CIV,CIV
Croatia,CRO,CRO,HRV
Cuba,CUB,CUB,CUB
Curaçao,NA,CUW,CUW
Cyprus,CYP,CYP,CYP
Czech Republic,CZE,CZE,CZE
Denmark,DEN,DEN,DNK
Djibouti,DJI,DJI,DJI
Dominica,DMA,DMA,DMA
Dominican Republic,DOM,DOM,DOM
Ecuador,ECU,ECU,ECU
Egypt,EGY,EGY,EGY
El Salvador,ESA,SLV,SLV
England,NA,ENG,NA
Equatorial Guinea,GEQ,EQG,GNQ
Eritrea,ERI,ERI,ERI
Estonia,EST,EST,EST
Ethiopia,ETH,ETH,ETH
Falkland Islands,NA,NA,FLK
Faroe Islands,NA,FRO,FRO
Fiji,FIJ,FIJ,FJI
Finland,FIN,FIN,FIN
France,FRA,FRA,FRA
French Guiana,NA,NA,GUF
French Polynesia,NA,TAH,PYF
French Southern and Antarctic Lands,NA,NA,ATF
Gabon,GAB,GAB,GAB
The Gambia,GAM,GAM,GMB
Georgia,GEO,GEO,GEO
Germany,GER,GER,DEU
Ghana,GHA,GHA,GHA
Gibraltar,NA,GIB,GIB
Greece,GRE,GRE,GRC
Greenland,NA,NA,GRL
Grenada,GRN,GRN,GRD
Guadeloupe,NA,NA,GLP
Guam,GUM,GUM,GUM
Guatemala,GUA,GUA,GTM
Guernsey,NA,NA,GGY
Guinea,GUI,GUI,GIN
Guinea-Bissau,GBS,GNB,GNB
Guyana,GUY,GUY,GUY
Haiti,HAI,HAI,HTI
Heard Island and McDonald Islands,NA,NA,HMD
Honduras,HON,HON,HND
Hong Kong,HKG,HKG,HKG
Hungary,HUN,HUN,HUN
Iceland,ISL,ISL,ISL
India,IND,IND,IND
Indonesia,INA,IDN,IDN
Iran,IRI,IRN,IRN
Iraq,IRQ,IRQ,IRQ
Ireland,IRL,IRL,IRL
Isle of Man,NA,NA,IMN
Israel,ISR,ISR,ISR
Italy,ITA,ITA,ITA
Jamaica,JAM,JAM,JAM
Japan,JPN,JPN,JPN
Jersey,NA,NA,JEY
Jordan,JOR,JOR,JOR
Kazakhstan,KAZ,KAZ,KAZ
Kenya,KEN,KEN,KEN
Kiribati,KIR,NA,KIR
"Korea, Democratic People's Rep. (North)",PRK,PRK,PRK
"Korea, Republic of (South)",KOR,KOR,KOR
Kosovo,KOS,KVX,NA
Kuwait,KUW,KUW,KWT
Kyrgyzstan,KGZ,KGZ,KGZ
Laos,LAO,LAO,LAO
Latvia,LAT,LVA,LVA
Lebanon,LBN,LIB,LBN
Lesotho,LES,LES,LSO
Liberia,LBR,LBR,LBR
Libya,LBA,LBY,LBY
Liechtenstein,LIE,LIE,LIE
Lithuania,LTU,LTU,LTU
Luxembourg,LUX,LUX,LUX
Macau,NA,MAC,MAC
Macedonia,MKD,MKD,MKD
Madagascar,MAD,MAD,MDG
Malawi,MAW,MWI,MWI
Malaysia,MAS,MAS,MYS
Maldives,MDV,MDV,MDV
Mali,MLI,MLI,MLI
Malta,MLT,MLT,MLT
Marshall Islands,MHL,NA,MHL
Martinique,NA,NA,MTQ
Mauritania,MTN,MTN,MRT
Mauritius,MRI,MRI,MUS
Mayotte,NA,NA,MYT
Mexico,MEX,MEX,MEX
"Micronesia, Federated States of",FSM,NA,FSM
Moldova,MDA,MDA,MDA
Monaco,MON,NA,MCO
Mongolia,MGL,MNG,MNG
Montenegro,MNE,MNE,MNE
Montserrat,NA,MSR,MSR
Morocco,MAR,MAR,MAR
Mozambique,MOZ,MOZ,MOZ
Myanmar,MYA,MYA,MMR
Namibia,NAM,NAM,NAM
Nauru,NRU,NA,NRU
Nepal,NEP,NEP,NPL
Netherlands,NED,NED,NLD
New Caledonia,NA,NCL,NCL
New Zealand,NZL,NZL,NZL
Nicaragua,NCA,NCA,NIC
Niger,NIG,NIG,NER
Nigeria,NGR,NGA,NGA
Niue,NA,NA,NIU
Norfolk Island,NA,NA,NFK
Northern Ireland,NA,NIR,NA
Northern Mariana Islands,NA,NA,MNP
Norway,NOR,NOR,NOR
Oman,OMA,OMA,OMN
Pakistan,PAK,PAK,PAK
Palau,PLW,NA,PLW
State of Palestine,PLE,PLE,PSE
Panama,PAN,PAN,PAN
Papua New Guinea,PNG,PNG,PNG
Paraguay,PAR,PAR,PRY
Peru,PER,PER,PER
Philippines,PHI,PHI,PHL
Pitcairn Islands,NA,NA,PCN
Poland,POL,POL,POL
Portugal,POR,POR,PRT
Puerto Rico,PUR,PUR,PRI
Qatar,QAT,QAT,QAT
Réunion,NA,NA,REU
Romania,ROU,ROU,ROU
Russian Federation,RUS,RUS,RUS
Rwanda,RWA,RWA,RWA
Saint Barthélemy,NA,NA,BLM
"Saint Helena, Ascension and Tristan da Cunha",NA,NA,SHN
Saint Kitts and Nevis,SKN,SKN,KNA
Saint Lucia,LCA,LCA,LCA
Saint Martin (French part),NA,NA,MAF
Saint Pierre and Miquelon,NA,NA,SPM
Saint Vincent and the Grenadines,VIN,VIN,VCT
Samoa,SAM,SAM,WSM
San Marino,SMR,SMR,SMR
São Tomé and Príncipe,STP,STP,STP
Saudi Arabia,KSA,KSA,SAU
Scotland,NA,SCO,NA
Senegal,SEN,SEN,SEN
Serbia,SRB,SRB,SRB
Seychelles,SEY,SEY,SYC
Sierra Leone,SLE,SLE,SLE
Singapore,SGP,SIN,SGP
Sint Maarten (Dutch part),NA,NA,SXM
Slovakia,SVK,SVK,SVK
Slovenia,SLO,SVN,SVN
Solomon Islands,SOL,SOL,SLB
Somalia,SOM,SOM,SOM
South Africa,RSA,RSA,ZAF
South Georgia and the South Sandwich Islands,NA,NA,SGS
South Sudan,SSD,SSD,SSD
Spain,ESP,ESP,ESP
Sri Lanka,SRI,SRI,LKA
Sudan,SUD,SDN,SDN
Suriname,SUR,SUR,SUR
Svalbard and Jan Mayen,NA,NA,SJM
Swaziland,SWZ,SWZ,SWZ
Sweden,SWE,SWE,SWE
Switzerland,SUI,SUI,CHE
Syria,SYR,SYR,SYR
Tajikistan,TJK,TJK,TJK
Tanzania,TAN,TAN,TZA
Thailand,THA,THA,THA
Timor-Leste,TLS,TLS,TLS
Togo,TOG,TOG,TGO
Tokelau,NA,NA,TKL
Tonga,TGA,TGA,TON
Trinidad and Tobago,TTO,TRI,TTO
Tunisia,TUN,TUN,TUN
Turkey,TUR,TUR,TUR
Turkmenistan,TKM,TKM,TKM
Turks and Caicos Islands,NA,TCA,TCA
Tuvalu,TUV,NA,TUV
Uganda,UGA,UGA,UGA
Ukraine,UKR,UKR,UKR
United Arab Emirates,UAE,UAE,ARE
United Kingdom,GBR,NA,GBR
United States,USA,USA,USA
United States Minor Outlying Islands,NA,NA,UMI
United States Virgin Islands,ISV,VIR,VIR
Uruguay,URU,URU,URY
Uzbekistan,UZB,UZB,UZB
Vanuatu,VAN,VAN,VUT
Vatican City State,NA,NA,VAT
Venezuela,VEN,VEN,VEN
Vietnam,VIE,VIE,VNM
Wales,NA,WAL,NA
Wallis and Futuna,NA,NA,WLF
Western Sahara,NA,NA,ESH
Yemen,YEM,YEM,YEM
Zambia,ZAM,ZAM,ZMB
Zimbabwe,ZIM,ZIM,ZWE
