_unit_id,_golden,_unit_state,_trusted_judgments,_last_judgment_at,birthplace,birthplace:confidence,date_of_birth,date_of_birth:confidence,race_ethnicity,race_ethnicity:confidence,religion,religion:confidence,sexual_orientation,sexual_orientation:confidence,year_of_award,year_of_award:confidence,award,biourl,birthplace_gold,date_of_birth_gold,movie,person,race_ethnicity_gold,religion_gold,sexual_orientation_gold,year_of_award_gold670454353,FALSE,finalized,3,2/10/15 3:45,"Chisinau, Moldova",1,30-Sep-1895,1,White,1,Na,1,Straight,1,1927,1,Best Director,http://www.nndb.com/people/320/000043191/,,,Two Arabian Knights,Lewis Milestone,,,,670454354,FALSE,finalized,3,2/10/15 2:03,"Glasgow, Scotland",1,2-Feb-1886,1,White,1,Na,1,Straight,0.6842,1930,1,Best Director,http://www.nndb.com/people/626/000042500/,,,The Divine Lady,Frank Lloyd,,,,670454355,FALSE,finalized,3,2/10/15 2:05,"Chisinau, Moldova",1,30-Sep-1895,1,White,1,Na,1,Straight,1,1931,0.6667,Best Director,http://www.nndb.com/people/320/000043191/,,,All Quiet on the Western Front,Lewis Milestone,,,,670454356,FALSE,finalized,3,2/10/15 2:04,"Chicago, Il",1,23-Feb-1899,1,White,1,Na,1,Straight,1,1932,1,Best Director,http://www.nndb.com/people/544/000041421/,,,Skippy,Norman Taurog,,,,670454357,FALSE,finalized,3,2/10/15 1:48,"Salt Lake City, Ut",1,23-Apr-1894,1,White,1,Roman Catholic,1,Straight,1,1933,1,Best Director,http://www.nndb.com/people/292/000044160/,,,Bad Girl,Frank Borzage,,,,670454358,FALSE,finalized,3,2/10/15 3:50,"Glasgow, Scotland",1,2-Feb-1886,1,White,1,Na,1,Straight,1,1934,1,Best Director,http://www.nndb.com/people/626/000042500/,,,Cavalcade,Frank Lloyd,,,,670454359,FALSE,finalized,3,2/10/15 2:07,"Bisacquino, Sicily, Italy",1,18-May-1897,1,White,1,Roman Catholic,1,Straight,1,1935,1,Best Director,http://www.nndb.com/people/459/000032363/,,,It Happened One Night,Frank Capra,,,,670454360,FALSE,finalized,3,2/10/15 1:46,"Cape Elizabeth, Me",1,1-Feb-1894,1,White,1,Roman Catholic,1,Bisexual,1,1936,1,Best Director,http://www.nndb.com/people/458/000032362/,,,The Informer,John Ford,,,,670454361,FALSE,finalized,3,2/10/15 1:47,"Bisacquino, Sicily, Italy",1,18-May-1897,1,White,1,Roman Catholic,1,Straight,1,1937,1,Best Director,http://www.nndb.com/people/459/000032363/,,,Mr. Deeds Goes to Town,Frank Capra,,,,670454362,FALSE,finalized,3,2/10/15 2:05,"Los Angeles, Ca",1,3-Oct-1898,1,White,1,Na,1,Straight,1,1938,1,Best Director,http://www.nndb.com/people/380/000044248/,,,The Awful Truth,Leo McCarey,,,,670454363,FALSE,finalized,3,2/10/15 2:04,"Bisacquino, Sicily, Italy",1,18-May-1897,1,White,1,Roman Catholic,1,Straight,1,1939,1,Best Director,http://www.nndb.com/people/459/000032363/,,,You Can't Take It with You,Frank Capra,,,,670454364,FALSE,finalized,3,2/10/15 2:10,"Pasadena, Ca",1,23-Feb-1883,1,White,1,Na,1,Straight,1,1940,1,Best Director,http://www.nndb.com/people/416/000041293/,,,Gone with the Wind,Victor Fleming,,,,670454365,FALSE,finalized,3,2/10/15 2:12,"Cape Elizabeth, Me",1,1-Feb-1894,1,White,1,Roman Catholic,1,Bisexual,1,1941,1,Best Director,http://www.nndb.com/people/458/000032362/,,,The Grapes of Wrath,John Ford,,,,670454366,FALSE,finalized,3,2/10/15 2:02,"Cape Elizabeth, Me",1,1-Feb-1894,1,White,1,Roman Catholic,1,Bisexual,1,1942,1,Best Director,http://www.nndb.com/people/458/000032362/,,,How Green Was My Valley,John Ford,,,,670454367,FALSE,finalized,3,2/10/15 3:57,"Mulhouse, Haut-Rhin, Alsace, France",1,1-Jul-1902,1,White,1,Na,1,Straight,1,1943,1,Best Director,http://www.nndb.com/people/463/000032367/,,,Mrs. Miniver,William Wyler,,,,670454368,FALSE,finalized,3,2/10/15 2:02,"Budapest, Hungary",1,24-Dec-1886,1,White,1,Na,1,Straight,1,1944,1,Best Director,http://www.nndb.com/people/676/000032580/,,,Casablanca,Michael Curtiz,,,,670454369,FALSE,finalized,3,2/10/15 2:29,"Los Angeles, Ca",1,3-Oct-1898,1,White,1,Na,1,Straight,1,1945,1,Best Director,http://www.nndb.com/people/380/000044248/,,,Going My Way,Leo McCarey,,,,670454370,FALSE,finalized,3,2/10/15 1:55,New York City,1,11-Oct-18,1,White,1,Jewish,1,Gay,1,1962,1,Best Director,http://www.nndb.com/people/281/000064089/,,,West Side Story,Jerome Robbins,,,,670454371,FALSE,finalized,3,2/10/15 4:02,"Sucha, Galicia, Austria",0.6667,22-Jun-06,1,White,1,Jewish,1,Straight,1,1946,1,Best Director,http://www.nndb.com/people/982/000024910/,,,The Lost Weekend,Billy Wilder,,,,670454372,FALSE,finalized,3,2/10/15 2:12,"Mulhouse, Haut-Rhin, Alsace, France",1,1-Jul-1902,1,White,1,Na,1,Straight,1,1947,1,Best Director,http://www.nndb.com/people/463/000032367/,,,The Best Years of Our Lives,William Wyler,,,,670454373,FALSE,finalized,3,2/10/15 1:46,"Istanbul, Turkey",1,7-Sep-09,1,White,1,Na,1,Straight,1,1948,1,Best Director,http://www.nndb.com/people/537/000026459/,,,Gentleman's Agreement,Elia Kazan,,,,670454374,TRUE,golden,82,,"Nevada, Mo",1,5-Aug-06,1,White,1,Na,1,Straight,1,1949,1,Best Director,http://www.nndb.com/people/704/000024632/,,5-Aug-06,The Treasure of the Sierra Madre,John Huston,,,,670454375,FALSE,finalized,3,2/10/15 3:50,"Wilkes-Barre, Pa",1,11-Feb-09,1,White,1,Jewish,1,Straight,1,1950,1,Best Director,http://www.nndb.com/people/723/000032627/,,,A Letter to Three Wives,Joseph L. Mankiewicz,,,,670454376,FALSE,finalized,3,2/10/15 1:51,"Wilkes-Barre, Pa",1,11-Feb-09,1,White,1,Jewish,1,Straight,1,1951,1,Best Director,http://www.nndb.com/people/723/000032627/,,,All About Eve,Joseph L. Mankiewicz,,,,670454377,FALSE,finalized,3,2/10/15 2:15,"Oakland, Ca",1,18-Dec-04,1,White,1,Na,1,Straight,1,1952,1,Best Director,http://www.nndb.com/people/382/000044250/,,,A Place in the Sun,George Stevens,,,,670454378,FALSE,finalized,3,2/10/15 2:15,"Cape Elizabeth, Me",1,1-Feb-1894,1,White,1,Roman Catholic,1,Bisexual,1,1953,1,Best Director,http://www.nndb.com/people/458/000032362/,,,The Quiet Man,John Ford,,,,670454379,FALSE,finalized,3,2/10/15 1:57,"Vienna, Austria",1,29-Apr-07,1,White,1,Jewish,1,Straight,1,1954,1,Best Director,http://www.nndb.com/people/538/000032442/,,,From Here to Eternity,Fred Zinnemann,,,,670454380,FALSE,finalized,3,2/10/15 3:50,"Istanbul, Turkey",1,7-Sep-09,1,White,1,Na,1,Straight,1,1955,1,Best Director,http://www.nndb.com/people/537/000026459/,,,On the Waterfront,Elia Kazan,,,,670454381,FALSE,finalized,3,2/10/15 3:53,"Lawrence, Ks",1,30-Jan-20,1,White,1,Presbyterian,1,Straight,1,1956,1,Best Director,http://www.nndb.com/people/384/000044252/,,,Marty,Delbert Mann,,,,670454382,FALSE,finalized,3,2/10/15 3:50,"Oakland, Ca",1,18-Dec-04,1,White,1,Na,1,Straight,1,1957,1,Best Director,http://www.nndb.com/people/382/000044250/,,,Giant,George Stevens,,,,670454383,FALSE,finalized,3,2/10/15 2:07,"Croydon, Surrey, England",0.6667,25-Mar-08,1,White,1,Na,1,Straight,0.6667,1958,1,Best Director,http://www.nndb.com/people/462/000032366/,,,The Bridge on the River Kwai,David Lean,,,,670454384,FALSE,finalized,3,2/10/15 1:52,"Chicago, Il",1,28-Feb-1903,1,White,1,Na,1,Bisexual,1,1959,1,Best Director,http://www.nndb.com/people/825/000032729/,,,Gigi,Vincente Minnelli,,,,670454385,FALSE,finalized,3,2/10/15 1:55,"Mulhouse, Haut-Rhin, Alsace, France",1,1-Jul-1902,1,White,1,Na,1,Straight,1,1960,1,Best Director,http://www.nndb.com/people/463/000032367/,,,Ben-Hur,William Wyler,,,,670454386,TRUE,golden,87,,"Sucha, Galicia, Austria",1,22-Jun-06,1,White,1,Jewish,0.963,Straight,1,1961,1,Best Director,http://www.nndb.com/people/982/000024910/,"Sucha, Galicia, Austria",22-Jun-06,The Apartment,Billy Wilder,,Jewish,,1961670454387,FALSE,finalized,3,2/10/15 1:55,"Winchester, In",1,10-Sep-14,1,White,1,Na,1,Straight,1,1961,0.6667,Best Director,http://www.nndb.com/people/460/000032364/,,,West Side Story,Robert Wise,,,,670454388,FALSE,finalized,3,2/10/15 2:05,"Croydon, Surrey, England",1,25-Mar-08,1,White,1,Na,1,Straight,1,1963,1,Best Director,http://www.nndb.com/people/462/000032366/,,,Lawrence of Arabia,David Lean,,,,670454389,FALSE,finalized,3,2/10/15 1:57,"Shipley, Yorkshire, England",1,5-Jun-28,1,White,1,Na,1,Bisexual,1,1964,1,Best Director,http://www.nndb.com/people/249/000043120/,,,Tom Jones,Tony Richardson,,,,670454390,FALSE,finalized,3,2/10/15 1:52,New York City,1,7-Jul-1899,1,White,1,Na,0.6571,Gay,0.6571,1965,1,Best Director,http://www.nndb.com/people/373/000041250/,,,My Fair Lady,George Cukor,,,,670454391,FALSE,finalized,3,2/10/15 1:51,"Winchester, In",1,10-Sep-14,1,White,1,Na,1,Straight,1,1966,1,Best Director,http://www.nndb.com/people/460/000032364/,,,The Sound of Music,Robert Wise,,,,670454392,FALSE,finalized,3,2/10/15 2:06,"Vienna, Austria",1,29-Apr-07,1,White,1,Jewish,1,Straight,1,1967,1,Best Director,http://www.nndb.com/people/538/000032442/,,,A Man for All Seasons,Fred Zinnemann,,,,670454393,FALSE,finalized,3,2/10/15 2:13,"Berlin, Germany",1,6-Nov-31,1,White,1,Jewish,1,Straight,1,1968,1,Best Director,http://www.nndb.com/people/455/000023386/,,,The Graduate,Mike Nichols,,,,670454394,FALSE,finalized,3,2/10/15 3:56,"St. Louis Park, Mn",1,29-Nov-54,1,White,1,Jewish,1,Straight,1,2008,1,Best Director,http://www.nndb.com/people/399/000025324/,,,No Country for Old Men,Joel Coen,,,,670454395,FALSE,finalized,3,2/10/15 2:29,"London, England",1,30-Dec-06,1,White,1,Na,1,Straight,1,1969,1,Best Director,http://www.nndb.com/people/290/000064098/,,,Oliver!,Carol Reed,,,,670454396,FALSE,finalized,3,2/10/15 2:01,"London, England",1,16-Feb-26,1,White,1,Na,1,Gay,1,1969,1,Best Director,http://www.nndb.com/people/771/000032675/,,,Midnight Cowboy,John Schlesinger,,,,670454397,FALSE,finalized,3,2/10/15 3:56,"Tokyo, Japan",1,30-May-20,1,White,1,Na,1,Straight,1,1970,1,Best Director,http://www.nndb.com/people/509/000032413/,,,Patton,Franklin J. Schaffner,,,,670454398,FALSE,finalized,3,2/10/15 2:11,"Chicago, Il",1,29-Aug-35,1,White,1,Jewish,1,Straight,1,1972,1,Best Director,http://www.nndb.com/people/112/000024040/,,,The French Connection,William Friedkin,,,,670454399,FALSE,finalized,3,2/10/15 1:51,"Chicago, Il",1,23-Jun-27,1,White,1,Na,1,Straight,1,1973,1,Best Director,http://www.nndb.com/people/159/000032063/,,,Cabaret,Bob Fosse,,,,670454400,FALSE,finalized,3,2/10/15 2:05,"Minneapolis, Mn",1,20-Dec-21,1,White,1,Na,1,Straight,1,1973,1,Best Director,http://www.nndb.com/people/783/000032687/,,,The Sting,George Roy Hill,,,,670454401,FALSE,finalized,3,2/10/15 2:15,"Detroit, Mi",1,7-Apr-39,1,White,1,Na,1,Straight,1,1975,1,Best Director,http://www.nndb.com/people/866/000022800/,,,The Godfather Part II,Francis Ford Coppola,,,,670454402,FALSE,finalized,3,2/10/15 1:59,"Cáslav, Czechoslovakia",1,18-Feb-32,1,White,1,Na,1,Straight,1,1976,1,Best Director,http://www.nndb.com/people/622/000023553/,,,One Flew over the Cuckoo's Nest,Milos Forman,,,,670454403,FALSE,finalized,3,2/10/15 2:06,"Oak Park, Il",1,21-Dec-35,1,White,1,Na,1,Straight,1,1976,0.6667,Best Director,http://www.nndb.com/people/679/000032583/,,,Rocky,John G. Avildsen,,,,670454404,FALSE,finalized,3,2/10/15 2:14,"Brooklyn, Ny",1,1-Dec-35,1,White,1,Jewish,1,Straight,1,1978,1,Best Director,http://www.nndb.com/people/501/000022435/,,,Annie Hall,Woody Allen,,,,670454405,TRUE,golden,75,,New York City,1,3-Feb-39,0.9597,White,1,Na,1,Straight,1,1979,0.7227,Best Director,http://www.nndb.com/people/810/000043681/,New York City,,The Deer Hunter,Michael Cimino,,,,670454406,FALSE,finalized,3,2/10/15 4:02,"Waxahachie, Tx",1,29-Sep-32,1,White,1,Na,1,Straight,1,1980,1,Best Director,http://www.nndb.com/people/267/000064075/,,,Kramer vs. Kramer,Robert Benton,,,,670454407,FALSE,finalized,3,2/10/15 4:07,"Santa Monica, Ca",1,18-Aug-1936 [1],0.6562,White,1,Na,1,Straight,1,1980,1,Best Director,http://www.nndb.com/people/795/000022729/,,,Ordinary People,Robert Redford,,,,670454408,FALSE,finalized,3,2/10/15 1:43,"Richmond, Va",1,30-Mar-37,1,White,1,Baptist,1,Straight,1,1981,1,Best Director,http://www.nndb.com/people/719/000022653/,,,Reds,Warren Beatty,,,,670454409,FALSE,finalized,3,2/10/15 2:00,"Cambridge, England",1,29-Aug-23,1,White,1,Na,1,Straight,1,1982,1,Best Director,http://www.nndb.com/people/750/000023681/,,,Gandhi,Richard Attenborough,,,,670454410,FALSE,finalized,3,2/10/15 2:12,"North Bergen, Nj",1,9-May-40,1,White,1,Na,1,Straight,1,1983,0.6667,Best Director,http://www.nndb.com/people/209/000024137/,,,Terms of Endearment,James L. Brooks,,,,670454411,FALSE,finalized,3,2/10/15 2:12,"Cáslav, Czechoslovakia",1,18-Feb-32,1,White,1,Na,1,Straight,1,1985,1,Best Director,http://www.nndb.com/people/622/000023553/,,,Amadeus,Milos Forman,,,,670454412,FALSE,finalized,3,2/10/15 1:52,"Lafayette, In",1,1-Jul-34,1,White,1,Jewish,1,Straight,1,1986,1,Best Director,http://www.nndb.com/people/772/000023703/,,,Out of Africa,Sydney Pollack,,,,670454413,FALSE,finalized,3,2/10/15 2:18,New York City,1,15-Sep-46,1,White,1,Atheist,1,Straight,1,1990,0.3333,Best Director,http://www.nndb.com/people/545/000022479/,,,Platoon,Oliver Stone,,,,670454414,FALSE,finalized,3,2/10/15 2:05,"Parma, Emilia-Romagna, Italy",1,16-Mar-41,1,White,1,Na,1,Straight,1,1988,1,Best Director,http://www.nndb.com/people/268/000024196/,,,The Last Emperor,Bernardo Bertolucci,,,,670454415,FALSE,finalized,3,2/10/15 1:51,"Baltimore, Md",1,6-Apr-42,1,White,1,Jewish,0.6667,Straight,1,1989,1,Best Director,http://www.nndb.com/people/748/000023679/,,,Rain Man,Barry Levinson,,,,670454416,FALSE,finalized,3,2/10/15 2:07,New York City,1,15-Sep-46,1,White,1,Atheist,1,Straight,1,1990,1,Best Director,http://www.nndb.com/people/545/000022479/,,,Born on the Fourth of July,Oliver Stone,,,,670454417,FALSE,finalized,3,2/10/15 1:55,"Lynwood, Ca",1,18-Jan-55,1,White,1,Baptist,1,Straight,1,1991,1,Best Director,http://www.nndb.com/people/758/000022692/,,,Dances with Wolves,Kevin Costner,,,,670454418,FALSE,finalized,3,2/10/15 2:11,"Baldwin, Ny",1,22-Feb-44,1,White,1,Na,1,Straight,1,1992,1,Best Director,http://www.nndb.com/people/578/000024506/,,,The Silence of the Lambs,Jonathan Demme,,,,670454419,FALSE,finalized,3,2/10/15 1:55,"San Francisco, Ca",1,31-May-30,1,White,1,Na,1,Straight,1,1993,1,Best Director,http://www.nndb.com/people/849/000022783/,,,Unforgiven,Clint Eastwood,,,,670454420,FALSE,finalized,3,2/10/15 3:48,"Cincinnati, Oh",1,18-Dec-46,1,White,1,Jewish,1,Straight,1,1994,1,Best Director,http://www.nndb.com/people/734/000022668/,,,Schindler's List,Steven Spielberg,,,,670454421,FALSE,finalized,3,2/10/15 2:14,"Chicago, Il",1,14-May-52,1,White,1,Roman Catholic,1,Straight,1,1995,0.6923,Best Director,http://www.nndb.com/people/224/000025149/,,,Forrest Gump,Robert Zemeckis,,,,670454422,FALSE,finalized,3,2/10/15 2:11,"Peekskill, Ny",1,3-Jan-56,1,White,1,Roman Catholic,1,Straight,1,1996,1,Best Director,http://www.nndb.com/people/583/000022517/,,,Braveheart,Mel Gibson,,,,670454423,FALSE,finalized,3,2/10/15 2:19,"Ryde, Isle of Wight, England",1,6-Jan-54,1,White,1,Na,1,Straight,1,1997,1,Best Director,http://www.nndb.com/people/513/000032417/,,,The English Patient,Anthony Minghella,,,,670454424,FALSE,finalized,3,2/10/15 1:53,"Kapuskasing, Ontario, Canada",1,16-Aug-54,1,White,1,Atheist,0.6667,Straight,1,1998,1,Best Director,http://www.nndb.com/people/385/000025310/,,,Titanic,James Cameron,,,,670454425,FALSE,finalized,3,2/10/15 3:55,"Cincinnati, Oh",1,18-Dec-46,1,White,1,Jewish,1,Straight,1,1999,1,Best Director,http://www.nndb.com/people/734/000022668/,,,Saving Private Ryan,Steven Spielberg,,,,670454426,FALSE,finalized,3,2/10/15 3:45,"Reading, Berkshire, England",1,1-Aug-65,1,White,1,Na,1,Straight,1,2000,1,Best Director,http://www.nndb.com/people/059/000025981/,,,American Beauty,Sam Mendes,,,,670454427,FALSE,finalized,3,2/10/15 2:00,"Atlanta, Ga",1,14-Jan-63,1,White,1,Atheist,1,Straight,1,2001,1,Best Director,http://www.nndb.com/people/907/000025832/,,,Traffic,Steven Soderbergh,,,,670454428,FALSE,finalized,3,2/10/15 3:51,"Duncan, Ok",1,1-Mar-54,1,White,1,Na,1,Straight,1,2002,1,Best Director,http://www.nndb.com/people/365/000025290/,,,A Beautiful Mind,Ron Howard,,,,670454429,FALSE,finalized,3,2/10/15 2:04,"Paris, France",1,18-Aug-33,1,White,1,See Note,0.3333,Straight,1,2003,1,Best Director,http://www.nndb.com/people/541/000023472/,,,The Pianist,Roman Polanski,,,,670454430,FALSE,finalized,3,2/10/15 2:09,"Wellington, New Zealand",1,31-Oct-61,1,White,1,Na,1,Straight,1,2004,1,Best Director,http://www.nndb.com/people/848/000025773/,,,The Lord of the Rings: Return of the King,Peter Jackson,,,,670454431,FALSE,finalized,3,2/10/15 2:00,"San Francisco, Ca",1,31-May-30,1,White,1,Na,1,Straight,1,2005,1,Best Director,http://www.nndb.com/people/849/000022783/,,,Million Dollar Baby,Clint Eastwood,,,,670454432,FALSE,finalized,3,2/10/15 2:09,"Pingtung, Taiwan",1,23-Oct-54,1,Asian,1,Na,1,Straight,1,2006,1,Best Director,http://www.nndb.com/people/394/000025319/,,,Brokeback Mountain,Ang Lee,,,,670454433,FALSE,finalized,3,2/10/15 1:43,"Flushing, Ny",1,17-Nov-42,1,White,1,Roman Catholic,1,Straight,1,2007,1,Best Director,http://www.nndb.com/people/678/000022612/,,,The Departed,Martin Scorsese,,,,670454434,FALSE,finalized,3,2/10/15 2:05,"St. Louis Park, Mn",1,21-Sep-57,1,White,1,Jewish,1,Straight,1,2008,1,Best Director,http://www.nndb.com/people/400/000025325/,,,No Country for Old Men,Ethan Coen,,,,670454435,TRUE,golden,81,,"Manchester, England",1,20-Oct-56,1,White,1,Roman Catholic,0.9624,Straight,1,2009,0.9643,Best Director,http://www.nndb.com/people/887/000044755/,,,Slumdog Millionaire,Danny Boyle,,Roman Catholic,,670454436,FALSE,finalized,3,2/10/15 1:46,"San Carlos, Ca",1,27-Nov-51,1,White,1,Na,1,Straight,1,2009,1,Best Director,http://www.nndb.com/people/837/000079600/,,,The Hurt Locker,Kathryn Bigelow,,,,670454437,FALSE,finalized,3,2/10/15 1:56,"London, England",1,1972,1,White,1,Na,1,Na,1,2011,1,Best Director,http://www.nndb.com/people/093/000268286/,,,The King's Speech,Tom Hooper,,,,670454438,FALSE,finalized,3,2/10/15 3:57,"Paris, France",1,29-Mar-67,1,White,1,Jewish,1,Straight,1,2012,1,Best Director,http://www.nndb.com/people/302/000281456/,,,The Artist,Michel Hazanavicius,,,,670454439,FALSE,finalized,3,2/10/15 2:04,"Pingtung, Taiwan",1,23-Oct-54,1,Asian,1,Na,1,Straight,1,2013,1,Best Director,http://www.nndb.com/people/394/000025319/,,,Life of Pi,Ang Lee,,,,670454440,FALSE,finalized,3,2/10/15 2:04,"Rorschach, Switzerland",1,23-Jul-1884,1,White,1,Na,1,Bisexual,1,1929,1,Best Actor,http://www.nndb.com/people/738/000063549/,,,The Last Command,Emil Jannings,,,,670454441,FALSE,finalized,3,2/10/15 1:58,"Columbus, Oh",1,29-Mar-1889,1,White,1,Na,1,Straight,1,1930,1,Best Actor,http://www.nndb.com/people/739/000063550/,,,In Old Arizona,Warner Baxter,,,,670454442,FALSE,finalized,3,2/10/15 2:41,"London, England",1,10-Apr-1868,1,White,1,Na,0.6897,Straight,1,1930,1,Best Actor,http://www.nndb.com/people/740/000063551/,,,Desraeli,George Arliss,,,,670454443,FALSE,finalized,3,2/10/15 2:04,"Philadelphia, Pa",1,28-Apr-1878,1,White,1,Roman Catholic,1,Straight,1,1931,1,Best Actor,http://www.nndb.com/people/741/000043612/,,,A Free Soul,Lionel Barrymore,,,,670454444,FALSE,finalized,3,2/10/15 1:59,"Kansas City, Mo",1,1-Apr-1885,1,White,1,Na,1,Straight,1,1932,1,Best Actor,http://www.nndb.com/people/976/000043847/,,,The Champ,Wallace Beery,,,,670454445,FALSE,finalized,3,2/10/15 2:19,"Victoria Hotel, Scarborough, Yorkshire, England",1,1-Jul-1899,1,White,1,Roman Catholic,1,Gay,1,1934,1,Best Actor,http://www.nndb.com/people/884/000042758/,,,The Private Life of Henry VIII,Charles Laughton,,,,670454446,FALSE,finalized,3,2/10/15 2:08,"Cadiz, Oh",1,1-Feb-1901,1,White,1,Na,1,Straight,1,1935,1,Best Actor,http://www.nndb.com/people/156/000027075/,,,It Happened One Night,Clark Gable,,,,670454447,FALSE,finalized,3,2/10/15 2:05,"Tunbridge Wells, Kent, England",1,11-Dec-1883,1,White,1,Anglican/episcopalian,1,Straight,1,1936,1,Best Actor,http://www.nndb.com/people/452/000047311/,,,The Informer,Victor McLaglen,,,,670454448,FALSE,finalized,3,2/10/15 2:06,"Lviv, Ukraine",1,22-Sep-1895,1,White,1,Jewish,1,Straight,1,1937,1,Best Actor,http://www.nndb.com/people/741/000063552/,,,The Story of Louis Pasteur,Paul Muni,,,,670454449,FALSE,finalized,3,2/10/15 4:07,"Milwaukee, Wi",1,5-Apr-1900,1,White,1,Roman Catholic,1,Straight,1,1938,1,Best Actor,http://www.nndb.com/people/979/000024907/,,,Captains Courageous,Spencer Tracy,,,,670454450,FALSE,finalized,3,2/10/15 2:06,"Milwaukee, Wi",1,5-Apr-1900,1,White,1,Roman Catholic,1,Straight,1,1939,1,Best Actor,http://www.nndb.com/people/979/000024907/,,,Boys Town,Spencer Tracy,,,,670454451,FALSE,finalized,3,2/10/15 2:00,"Withington, Manchester, England",1,18-Mar-05,1,White,1,Na,1,Straight,1,1940,1,Best Actor,http://www.nndb.com/people/742/000063553/,,,Goodbye Mr. Chips,Robert Donat,,,,670454452,FALSE,finalized,3,2/10/15 2:12,"Indiana, Pa",1,20-May-08,1,White,1,Presbyterian,1,Straight,1,1941,1,Best Actor,http://www.nndb.com/people/659/000026581/,,,The Philadelphia Story,Jimmy Stewart,,,,670454453,FALSE,finalized,3,2/10/15 3:48,"Helena, Mt",1,7-May-1901,1,White,1,Roman Catholic,1,Straight,1,1942,1,Best Actor,http://www.nndb.com/people/740/000031647/,,,Sergeant York,Gary Cooper,,,,670454454,FALSE,finalized,3,2/10/15 1:51,"Manhattan, Ny",1,17-Jul-1899,1,White,1,Roman Catholic,1,Straight,1,1943,1,Best Actor,http://www.nndb.com/people/798/000024726/,,,Yankee Doodle Dandy,James Cagney,,,,670454455,FALSE,finalized,3,2/10/15 2:05,"Budapest, Hungary",1,26-May-1887,1,White,1,Na,1,Straight,1,1944,1,Best Actor,http://www.nndb.com/people/713/000042587/,,,Watch on the Rhine,Paul Lukas,,,,670454456,FALSE,finalized,3,2/10/15 2:03,"Tacoma, Wa",1,3-May-1903,1,White,1,Roman Catholic,0.6667,Straight,1,1945,1,Best Actor,http://www.nndb.com/people/651/000026573/,,,Going My Way,Bing Crosby,,,,670454457,FALSE,finalized,3,2/10/15 2:41,"Neath, Wales",1,3-Jan-07,1,White,1,Na,0.6897,Straight,1,1946,0.6897,Best Actor,http://www.nndb.com/people/814/000042688/,,,The Lost Weekend,Ray Milland,,,,670454458,FALSE,finalized,3,2/10/15 1:59,"Racine, Wi",1,31-Aug-1897,1,White,1,Na,1,Straight,1,1947,1,Best Actor,http://www.nndb.com/people/255/000043126/,,,The Best Years of Our Lives,Fredric March,,,,670454459,FALSE,finalized,3,2/10/15 2:02,"Richmond, Surrey, England",1,9-Feb-1891,1,White,1,Na,1,Straight,1,1948,1,Best Actor,http://www.nndb.com/people/619/000042493/,,,A Double Life,Ronald Colman,,,,670454460,FALSE,finalized,3,2/10/15 2:03,"Dorking, Surrey, England",1,22-May-07,1,White,1,Na,1,Bisexual,1,1949,1,Best Actor,http://www.nndb.com/people/607/000022541/,,,Hamlet,Laurence Olivier,,,,670454461,FALSE,finalized,3,2/10/15 4:06,"Philadelphia, Pa",1,9-Dec-11,1,White,1,Na,1,Straight,1,1950,1,Best Actor,http://www.nndb.com/people/744/000063555/,,,All The King's Men,Broderick Crawford,,,,670454462,FALSE,finalized,3,2/10/15 1:53,"Santurce, Puerto Rico",1,8-Jan-09,1,Hispanic,1,Na,1,Straight,1,1951,1,Best Actor,http://www.nndb.com/people/311/000026233/,,,Cyrano de Bergerac,Jose Ferrer,,,,670454463,FALSE,finalized,3,2/10/15 2:05,New York City,1,25-Dec-1899,1,White,1,Na,1,Straight,1,1952,1,Best Actor,http://www.nndb.com/people/837/000024765/,,,The Africa Queen,Humphrey Bogart,,,,670454464,TRUE,golden,95,,"Helena, Mt",1,7-May-1901,1,White,1,Roman Catholic,1,Straight,1,1953,0.9642,Best Actor,http://www.nndb.com/people/740/000031647/,,,High Noon,Gary Cooper,,,,1953670454465,FALSE,finalized,3,2/10/15 1:46,"O'fallon, Il",1,17-Apr-18,1,White,1,Na,1,Straight,1,1954,1,Best Actor,http://www.nndb.com/people/210/000022144/,,,Stalag 17,William Holden,,,,670454466,FALSE,finalized,3,2/10/15 1:53,"Omaha, Ne",1,3-Apr-24,1,White,1,Deist,1,Bisexual,1,1955,1,Best Actor,http://www.nndb.com/people/721/000022655/,,,On the Waterfront,Marlon Brando,,,,670454467,FALSE,finalized,3,2/10/15 2:02,"Hamden, Ct",1,24-Jan-17,1,White,1,Na,1,Straight,1,1956,1,Best Actor,http://www.nndb.com/people/730/000022664/,,,Marty,Ernest Borgnine,,,,670454468,FALSE,finalized,3,2/10/15 2:02,"Vladivostok, Russia",1,11-Jul-20,1,White,1,Na,1,Straight,1,1957,1,Best Actor,http://www.nndb.com/people/459/000026381/,,,The King and I,Yul Brynner,,,,670454469,FALSE,finalized,3,2/10/15 2:03,"London, England",1,2-Apr-14,1,White,1,Roman Catholic,1,Bisexual,1,1958,1,Best Actor,http://www.nndb.com/people/751/000023682/,,,The Bridge on the River Kwai,Alec Guinness,,,,670454470,FALSE,finalized,3,2/10/15 2:03,"London, England",1,1-Mar-09,1,White,1,Na,1,Straight,1,1959,1,Best Actor,http://www.nndb.com/people/690/000031597/,,,Separate Tables,David Niven,,,,670454471,FALSE,finalized,3,2/10/15 3:50,"Evanston, Il",1,4-Oct-23,1,White,1,Protestant,1,Straight,1,1960,1,Best Actor,http://www.nndb.com/people/961/000022895/,,,Ben-hur,Charlton Heston,,,,670454472,FALSE,finalized,3,2/10/15 2:01,New York City,1,2-Nov-13,1,White,1,Protestant,1,Straight,1,1961,1,Best Actor,http://www.nndb.com/people/938/000031845/,,,Elmer Gantry,Burt Lancaster,,,,670454473,FALSE,finalized,3,2/10/15 2:11,"Vienna, Austria",1,8-Dec-30,1,White,1,Na,1,Straight,1,1962,1,Best Actor,http://www.nndb.com/people/351/000023282/,,,Judgement at Nuremberg,Maximilian Schell,,,,670454474,FALSE,finalized,3,2/10/15 2:18,"La Jolla, Ca",1,5-Apr-16,1,White,1,Roman Catholic,1,Straight,1,1963,1,Best Actor,http://www.nndb.com/people/774/000023705/,,,To Kill a Mockingbird,Gregory Peck,,,,670454475,FALSE,finalized,3,2/10/15 2:03,"Miami, Fl",1,20-Feb-27,1,Black,1,Deist,1,Straight,1,1964,1,Best Actor,http://www.nndb.com/people/200/000023131/,,,Lilies of the Field,Sidney Poitier,,,,670454476,FALSE,finalized,3,2/10/15 1:55,"Huyton, Lancashire, England",1,5-Mar-08,1,White,1,Na,1,Straight,1,1965,1,Best Actor,http://www.nndb.com/people/132/000043003/,,,My Fair Lady,Rex Harrison,,,,670454477,FALSE,finalized,3,2/10/15 3:48,New York City,1,19-Feb-24,1,White,1,Na,1,Straight,1,1966,1,Best Actor,http://www.nndb.com/people/314/000026236/,,,Cat Ballou,Lee Marvin,,,,670454478,FALSE,finalized,3,2/10/15 1:53,"Hurstpierpoint, West Sussex, England",1,21-Jan-22,1,White,1,Na,1,Straight,1,1967,1,Best Actor,http://www.nndb.com/people/950/000033851/,,,A Man For All Seasons,Paul Scofield,,,,670454479,FALSE,finalized,3,2/10/15 1:51,"Westhampton, Ny",1,14-Apr-25,1,White,1,Lutheran,1,Straight,1,1968,1,Best Actor,http://www.nndb.com/people/762/000026684/,,,In the Heat of the Night,Rod Steiger,,,,670454480,FALSE,finalized,3,2/10/15 2:14,"La Jolla, Ca",1,9-Sep-23,1,White,1,Na,1,Straight,1,1969,1,Best Actor,http://www.nndb.com/people/134/000023065/,,,Charly,Cliff Robertson,,,,670454481,FALSE,finalized,3,2/10/15 1:55,"Winterset, Ia",1,26-May-07,1,White,1,Roman Catholic,1,Straight,1,1970,1,Best Actor,http://www.nndb.com/people/605/000023536/,,,True Grit,John Wayne,,,,670454482,FALSE,finalized,3,2/10/15 1:57,"Wise, Va",1,18-Oct-27,1,White,1,Na,1,Straight,1,1971,1,Best Actor,http://www.nndb.com/people/025/000022956/,,,Patton,George C. Scott,,,,670454483,FALSE,finalized,3,2/10/15 2:01,"San Bernardino, Ca",1,30-Jan-30,1,White,1,Na,1,Straight,1,1972,1,Best Actor,http://www.nndb.com/people/878/000022812/,,,The French Connection,Gene Hackman,,,,670454484,FALSE,finalized,3,2/10/15 2:18,"Omaha, Ne",1,3-Apr-24,1,White,1,Deist,1,Bisexual,0.6667,1973,1,Best Actor,http://www.nndb.com/people/721/000022655/,,,The Godfather,Marlon Brando,,,,670454485,FALSE,finalized,3,2/10/15 2:05,"Newton, Ma",1,8-Feb-25,1,White,1,Roman Catholic,1,Straight,1,1974,1,Best Actor,http://www.nndb.com/people/714/000026636/,,,Save the Tiger,Jack Lemmon,,,,670454486,FALSE,finalized,3,2/10/15 3:48,"Mount Vernon, Ny",1,4-Nov-18,1,White,1,Na,1,Straight,1,1975,1,Best Actor,http://www.nndb.com/people/182/000025107/,,,Harry and Tonto,Art Carney,,,,670454487,FALSE,finalized,3,2/10/15 1:51,New York City,1,22-Apr-37,1,White,1,Atheist,1,Straight,1,1976,1,Best Actor,http://www.nndb.com/people/722/000022656/,,,One Flew Over the Cuckoo's Nest,Jack Nicholson,,,,670454488,FALSE,finalized,3,2/10/15 3:45,"South Kensington, London, England",1,28-Sep-16,1,White,1,Na,1,Straight,1,1977,1,Best Actor,http://www.nndb.com/people/745/000063556/,,,Network,Peter Finch,,,,670454489,FALSE,finalized,3,2/10/15 1:56,"Brooklyn, Ny",1,29-Oct-47,1,White,1,Jewish,1,Straight,1,1978,1,Best Actor,http://www.nndb.com/people/814/000022748/,,,The Goodbye Girl,Richard Dreyfuss,,,,670454490,FALSE,finalized,3,2/10/15 1:51,"Yonkers, Ny",1,29-Dec-38,1,White,1,Roman Catholic,1,Straight,1,1979,1,Best Actor,http://www.nndb.com/people/060/000023988/,,,Coming Home,Jon Voight,,,,670454491,FALSE,finalized,3,2/10/15 4:14,"Los Angeles, Ca",1,8-Aug-37,1,White,1,Jewish,1,Straight,1,1980,1,Best Actor,http://www.nndb.com/people/882/000022816/,,,Kramer vs. Kramer,Dustin Hoffman,,,,670454492,FALSE,finalized,3,2/10/15 2:29,New York City,1,17-Aug-43,1,White,1,Roman Catholic,1,Straight,1,1981,1,Best Actor,http://www.nndb.com/people/765/000023696/,,,Raging Bull,Robert De Niro,,,,670454493,FALSE,finalized,3,2/10/15 4:02,"Grand Island, Ne",1,16-May-05,1,White,1,Na,1,Straight,1,1982,1,Best Actor,http://www.nndb.com/people/496/000026418/,,,On Golden Pond,Henry Fonda,,,,670454494,FALSE,finalized,3,2/10/15 2:01,"Scarborough, Yorkshire, England",1,31-Dec-43,1,Multiracial,1,Quaker,1,Straight,1,1983,1,Best Actor,http://www.nndb.com/people/519/000024447/,,,Gandhi,Ben Kingsley,,,,670454495,FALSE,finalized,3,2/10/15 1:52,"San Diego, Ca",1,5-Jan-31,1,White,1,Na,1,Straight,1,1984,1,Best Actor,http://www.nndb.com/people/008/000022939/,,,Tender Mercies,Robert Duvall,,,,670454496,FALSE,finalized,3,2/10/15 2:03,"Pittsburgh, Pa",1,24-Oct-39,1,Middle Eastern,1,Na,1,Straight,1,1985,1,Best Actor,http://www.nndb.com/people/123/000024051/,,,Amadeus,F. Murray Abraham,,,,670454497,FALSE,finalized,3,2/10/15 2:00,"Washington, Dc",1,20-Mar-50,1,White,1,Lutheran,1,Straight,1,1986,1,Best Actor,http://www.nndb.com/people/683/000023614/,,,Kiss of the Spider Woman,William Hurt,,,,670454498,FALSE,finalized,3,2/10/15 2:10,"Shaker Heights, Oh",1,26-Jan-25,1,White,1,Jewish,1,Straight,1,1987,1,Best Actor,http://www.nndb.com/people/804/000022738/,,,The Color of Money,Paul Newman,,,,670454499,FALSE,finalized,3,2/10/15 1:51,"New Brunswick, Nj",1,25-Sep-44,1,White,1,Jewish,1,Straight,1,1988,1,Best Actor,http://www.nndb.com/people/614/000024542/,,,Wall Street,Michael Douglas,,,,670454500,FALSE,finalized,3,2/10/15 1:58,"Los Angeles, Ca",1,8-Aug-37,1,White,1,Jewish,1,Straight,1,1989,1,Best Actor,http://www.nndb.com/people/882/000022816/,,,Rainman,Dustin Hoffman,,,,670454501,FALSE,finalized,3,2/10/15 4:06,"London, England",1,29-Apr-57,1,White,1,Na,1,Straight,1,1990,1,Best Actor,http://www.nndb.com/people/788/000022722/,,,My Left Foot,Daniel Day-Lewis,,,,670454502,FALSE,finalized,3,2/10/15 1:59,"Cowes, Isle of Wight, England",1,19-Sep-48,1,White,1,Na,1,Straight,1,1991,1,Best Actor,http://www.nndb.com/people/594/000023525/,,,Reversal of Fortune,Jeremy Irons,,,,670454503,FALSE,finalized,3,2/10/15 3:51,"Port Talbot, Wales",1,31-Dec-37,1,White,1,Na,1,Straight,1,1992,1,Best Actor,http://www.nndb.com/people/005/000023933/,,,Silence of the Lambs,Anthony Hopkins,,,,670454504,FALSE,finalized,3,2/10/15 3:56,"East Harlem, New York City",1,25-Apr-40,1,White,1,Roman Catholic,1,Straight,1,1993,1,Best Actor,http://www.nndb.com/people/880/000022814/,,,Scent of a Woman,Al Pacino,,,,670454505,TRUE,golden,84,,"Concord, Ca",1,9-Jul-56,0.9648,White,1,Born-Again Christian,1,Straight,1,1994,1,Best Actor,http://www.nndb.com/people/687/000022621/,,9-Jul-56,Philadelphia,Tom Hanks,,Born-Again Christian,,1994670454506,FALSE,finalized,3,2/10/15 1:56,"Concord, Ca",1,9-Jul-56,1,White,1,Born-Again Christian,1,Straight,1,1995,1,Best Actor,http://www.nndb.com/people/687/000022621/,,,Forrest Gump,Tom Hanks,,,,670454507,FALSE,finalized,3,2/10/15 2:10,"Long Beach, Ca",1,7-Jan-64,1,White,1,Roman Catholic,1,Straight,1,1996,1,Best Actor,http://www.nndb.com/people/751/000022685/,,,Leaving Las Vegas,Nicolas Cage,,,,670454508,FALSE,finalized,3,2/10/15 2:08,"Toowoomba, Queensland, Australia",1,6-Jul-51,1,White,1,Na,1,Straight,1,1997,1,Best Actor,http://www.nndb.com/people/126/000025051/,,,Shine,Geoffrey Rush,,,,670454509,FALSE,finalized,3,2/10/15 1:49,New York City,1,22-Apr-37,1,White,1,Atheist,1,Straight,1,1997,1,Best Actor,http://www.nndb.com/people/722/000022656/,,,As Good as It Gets,Jack Nicholson,,,,670454510,FALSE,finalized,3,2/10/15 1:59,"Misericordia, Arezzo, Tuscany, Italy",1,27-Oct-52,1,White,1,Na,1,Straight,1,1999,1,Best Actor,http://www.nndb.com/people/259/000025184/,,,Life is Beautiful,Roberto Benigni,,,,670454511,FALSE,finalized,3,2/10/15 4:08,"South Orange, Nj",1,26-Jul-59,1,White,1,Na,1,Matter of Dispute,0.6667,2000,1,Best Actor,http://www.nndb.com/people/591/000023522/,,,American Beauty,Kevin Spacey,,,,670454512,FALSE,finalized,3,2/10/15 4:07,"Wellington, New Zealand",1,7-Apr-64,1,White,1,Na,0.6562,Straight,1,2001,1,Best Actor,http://www.nndb.com/people/782/000022716/,,,Gladiator,Russell Crowe,,,,670454513,FALSE,finalized,3,2/10/15 1:49,"Mount Vernon, Ny",1,28-Dec-54,1,Black,1,Protestant,1,Straight,1,2002,1,Best Actor,http://www.nndb.com/people/665/000023596/,,,Training Day,Denzel Washington,,,,670454514,FALSE,finalized,3,2/10/15 2:05,New York City,1,14-Apr-73,1,White,1,Jewish,1,Straight,1,2003,1,Best Actor,http://www.nndb.com/people/112/000026034/,,,The Pianist,Adrien Brody,,,,670454515,FALSE,finalized,3,2/10/15 2:04,"Burbank, Ca",1,17-Aug-60,1,White,1,Roman Catholic,1,Straight,1,2003,1,Best Actor,http://www.nndb.com/people/331/000025256/,,,Mystic River,Sean Penn,,,,670454516,FALSE,finalized,3,2/10/15 2:02,"Terrell, Tx",1,13-Dec-67,1,Black,1,Baptist,1,Straight,1,2005,1,Best Actor,http://www.nndb.com/people/113/000026035/,,,Ray,Jamie Foxx,,,,670454517,FALSE,finalized,3,2/10/15 1:59,"Fairport, Ny",1,23-Jul-67,1,White,1,Na,1,Straight,1,2006,1,Best Actor,http://www.nndb.com/people/409/000027328/,,,Capote,Philip Seymour Hoffman,,,,670454518,FALSE,finalized,3,2/10/15 2:07,"Longview, Tx",1,15-Jul-61,1,Black,1,Na,1,Straight,1,2007,1,Best Actor,http://www.nndb.com/people/833/000025758/,,,The Last King of Scotland,Forest Whitaker,,,,670454519,FALSE,finalized,3,2/10/15 2:07,"London, England",1,29-Apr-57,1,White,1,Na,1,Straight,1,2008,1,Best Actor,http://www.nndb.com/people/788/000022722/,,,There Will Be Blood,Daniel Day-Lewis,,,,670454520,FALSE,finalized,3,2/10/15 2:04,"Burbank, Ca",1,17-Aug-60,1,White,1,Roman Catholic,1,Straight,1,2009,1,Best Actor,http://www.nndb.com/people/331/000025256/,,,Milk,Sean Penn,,,,670454521,FALSE,finalized,3,2/10/15 2:05,"Los Angeles, Ca",1,4-Dec-49,1,White,1,Lutheran,1,Straight,1,2010,1,Best Actor,http://www.nndb.com/people/779/000022713/,,,Crazy Heart,Jeff Bridges,,,,670454522,FALSE,finalized,3,2/10/15 2:19,"Grayshott, Hampshire, England",1,10-Sep-60,1,White,1,Na,1,Straight,1,2011,1,Best Actor,http://www.nndb.com/people/813/000043684/,,,The King's Speech,Colin Firth,,,,670454523,FALSE,finalized,3,2/10/15 3:53,"Rueil-Malmaison, Hauts-De-Seine, France",1,19-Jun-72,1,White,1,Na,1,Straight,1,2012,1,Best Actor,http://www.nndb.com/people/303/000281457/,,,The Artist,Jean Dujardin,,,,670454524,FALSE,finalized,3,2/10/15 2:00,"London, England",1,29-Apr-57,1,White,1,Na,1,Straight,1,2013,1,Best Actor,http://www.nndb.com/people/788/000022722/,,,Lincoln,Daniel Day-Lewis,,,,670454525,FALSE,finalized,3,2/10/15 2:18,"Uvalde, Tx",1,4-Nov-69,1,White,1,Na,1,Straight,1,2014,1,Best Actor,http://www.nndb.com/people/583/000023514/,,,Dallas Buyers Club,Matthew McConaughey,,,,670454526,FALSE,finalized,3,2/10/15 1:51,"Swampscott, Ma",1,25-Jul-1894,1,White,1,Na,1,Straight,1,1938,1,Best Supporting Actor,http://www.nndb.com/people/347/000032251/,,,Come and Get It,Walter Brennan,,,,670454527,FALSE,finalized,3,2/10/15 1:48,"Vienna, Austria",1,22-Mar-1896,1,White,1,Na,1,Straight,1,1938,1,Best Supporting Actor,http://www.nndb.com/people/115/000063923/,,,The Life of Emile Zola,Joseph Schildkraut,,,,670454528,FALSE,finalized,3,2/10/15 1:59,"Swampscott, Ma",1,25-Jul-1894,1,White,1,Na,1,Straight,1,1939,1,Best Supporting Actor,http://www.nndb.com/people/347/000032251/,,,Kentucky,Walter Brennan,,,,670454529,FALSE,finalized,3,2/10/15 3:58,"Elizabeth, Nj",1,11-Jul-1892,1,White,1,Na,1,Straight,1,1940,1,Best Supporting Actor,http://www.nndb.com/people/116/000063924/,,,Stagecoach,Thomas Mitchell,,,,670454530,FALSE,finalized,3,2/10/15 3:50,"Swampscott, Ma",1,25-Jul-1894,1,White,1,Na,1,Straight,1,1941,1,Best Supporting Actor,http://www.nndb.com/people/347/000032251/,,,The Westerner,Walter Brennan,,,,670454531,FALSE,finalized,3,2/10/15 4:07,"London, England",1,27-Jul-1880,1,White,1,Na,1,Straight,1,1942,1,Best Supporting Actor,http://www.nndb.com/people/689/000031596/,,,How Green Was My Valley,Donald Crisp,,,,670454532,TRUE,golden,90,,"Walters, Ok",1,13-Dec-10,1,White,1,Na,1,Straight,1,1943,1,Best Supporting Actor,http://www.nndb.com/people/680/000042554/,,,Johnny Eager,Van Heflin,,Na,,670454533,FALSE,finalized,3,2/10/15 1:56,"Savannah, Ga",1,17-Jun-1877,1,White,1,Na,1,Straight,1,1944,1,Best Supporting Actor,http://www.nndb.com/people/127/000063935/,,,The More the Merrier,Charles Coburn,,,,670454534,FALSE,finalized,3,2/10/15 2:16,"Dublin, Ireland",1,10-Mar-1888,1,White,1,Protestant,1,Na,1,1945,1,Best Supporting Actor,http://www.nndb.com/people/126/000063934/,,,Going My Way,Barry Fitzgerald,,,,670454535,FALSE,finalized,3,2/10/15 3:51,New York City,1,2-Nov-1901,1,White,1,Na,1,Straight,1,1946,1,Best Supporting Actor,http://www.nndb.com/people/125/000063933/,,,A Tree Grows in Brooklyn,James Dunn,,,,670454536,FALSE,finalized,3,2/10/15 2:04,"North Sydney, Nova Scotia, Canada",1,14-Jan-14,1,White,1,Na,1,Straight,1,1947,1,Best Supporting Actor,http://www.nndb.com/people/124/000063932/,,,The Best Years of Our Lives,Harold Russell,,,,670454537,FALSE,finalized,3,2/10/15 2:07,"Vale of Glamorgan, Wales",1,26-Sep-1875,0.6667,White,1,Na,1,Na,1,1948,1,Best Supporting Actor,http://www.nndb.com/people/123/000063931/,,,Miracle on 34th Street,Edmund Gwenn,,,,670454538,FALSE,finalized,3,2/10/15 2:05,"Toronto, Ontario, Canada",1,6-Apr-1884,1,White,1,Na,1,Straight,1,1949,1,Best Supporting Actor,http://www.nndb.com/people/122/000063930/,,,The Treasure of the Sierra Madre,Walter Huston,,,,670454539,FALSE,finalized,3,2/10/15 2:18,"Lima, Oh",1,7-Nov-1903,1,White,1,Na,1,Straight,1,1950,1,Best Supporting Actor,http://www.nndb.com/people/121/000063929/,,,Twelve O'Clock High,Dean Jagger,,,,670454540,FALSE,finalized,3,2/10/15 2:08,"St. Petersburg, Russia",1,3-Jul-06,1,White,1,Na,1,Straight,1,1951,1,Best Supporting Actor,http://www.nndb.com/people/728/000043599/,,,All About Eve,George Sanders,,,,670454541,FALSE,finalized,3,2/10/15 1:52,"Chicago, Il",1,22-Mar-12,1,White,1,Na,1,Straight,1,1952,1,Best Supporting Actor,http://www.nndb.com/people/553/000022487/,,,A Streetcar Named Desire,Karl Malden,,,,670454542,FALSE,finalized,3,2/10/15 1:51,"Chihuahua, Mexico",1,21-Apr-15,1,Hispanic,1,Na,1,Straight,1,1953,1,Best Supporting Actor,http://www.nndb.com/people/228/000032132/,,,Viva Zapata!,Anthony Quinn,,,,670454543,FALSE,finalized,3,2/10/15 2:06,"Hoboken, Nj",1,12-Dec-15,1,White,1,Na,1,Straight,1,1954,1,Best Supporting Actor,http://www.nndb.com/people/300/000026222/,,,From Here to Eternity,Frank Sinatra,,,,670454544,FALSE,finalized,3,2/10/15 3:51,New York City,1,10-Sep-15,1,White,1,Roman Catholic,1,Straight,1,1955,1,Best Supporting Actor,http://www.nndb.com/people/620/000042494/,,,The Barefoot Contessa,Edmond O'Brien,,,,670454545,FALSE,finalized,3,2/10/15 2:04,"Newton, Ma",1,8-Feb-25,1,White,1,Roman Catholic,1,Straight,1,1956,1,Best Supporting Actor,http://www.nndb.com/people/714/000026636/,,,Mister Roberts,Jack Lemmon,,,,670454546,FALSE,finalized,3,2/10/15 3:58,"Chihuahua, Mexico",1,21-Apr-15,1,Hispanic,1,Na,1,Straight,1,1957,1,Best Supporting Actor,http://www.nndb.com/people/228/000032132/,,,Lust for Life,Anthony Quinn,,,,670454547,FALSE,finalized,3,2/10/15 4:06,New York City,1,5-Feb-19,1,White,1,Jewish,1,Straight,1,1958,1,Best Supporting Actor,http://www.nndb.com/people/820/000022754/,,,Sayonara,Red Buttons,,,,670454548,FALSE,finalized,3,2/10/15 1:51,"Hunt City, Il",1,14-Jun-09,1,White,1,Na,1,Straight,1,1959,1,Best Supporting Actor,http://www.nndb.com/people/679/000042553/,,,The Big Country,Burl Ives,,,,670454549,FALSE,finalized,3,2/10/15 2:03,"Marian Glas, Anglesey, Wales",1,30-May-12,1,White,1,Na,1,Na,1,1960,1,Best Supporting Actor,http://www.nndb.com/people/120/000063928/,,,Ben-Hur,Hugh Griffith,,,,670454550,FALSE,finalized,3,2/10/15 2:15,"London, England",1,16-Apr-21,1,White,1,Na,1,Straight,1,1961,1,Best Supporting Actor,http://www.nndb.com/people/810/000022744/,,,Spartacus,Peter Ustinov,,,,670454551,FALSE,finalized,3,2/10/15 2:04,"Norwood, Oh",1,16-Sep-34,1,White,1,Na,1,Gay,1,1962,1,Best Supporting Actor,http://www.nndb.com/people/119/000063927/,,,West Side Story,George Chakiris,,,,670454552,FALSE,finalized,3,2/10/15 2:03,"Hartford, Ct",1,25-Mar-1901,1,White,1,Na,1,Straight,1,1963,1,Best Supporting Actor,http://www.nndb.com/people/915/000043786/,,,Sweet Bird of Youth,"Ed Begley, Sr.",,,,670454553,FALSE,finalized,3,2/10/15 2:16,"Macon, Ga",1,5-Apr-1901,1,White,1,Jewish,1,Straight,1,1964,1,Best Supporting Actor,http://www.nndb.com/people/100/000063908/,,,Hud,Melvyn Douglas,,,,670454554,FALSE,finalized,3,2/10/15 1:51,"London, England",1,16-Apr-21,1,White,1,Na,1,Straight,1,1965,1,Best Supporting Actor,http://www.nndb.com/people/810/000022744/,,,Topkapi,Peter Ustinov,,,,670454555,FALSE,finalized,3,2/10/15 2:03,"Bronx, Ny",1,4-Nov-19,1,White,1,Na,1,Straight,1,1966,1,Best Supporting Actor,http://www.nndb.com/people/111/000063919/,,,A Thousand Clowns,Martin Balsam,,,,670454556,FALSE,finalized,3,2/10/15 1:59,New York City,1,1-Oct-20,1,White,1,Jewish,1,Straight,1,1967,1,Best Supporting Actor,http://www.nndb.com/people/768/000023699/,,,The Fortune Cookie,Walter Matthau,,,,670454557,FALSE,finalized,3,2/10/15 2:04,New York City,1,18-Feb-25,1,White,1,Na,1,Straight,1,1968,1,Best Supporting Actor,http://www.nndb.com/people/001/000022932/,,,Cool Hand Luke,George Kennedy,,,,670454558,TRUE,golden,84,,"Malden, Ma",0.9595,16-Jun-07,1,White,1,Na,1,Na,1,1969,0.9646,Best Supporting Actor,http://www.nndb.com/people/559/000049412/,,16-Jun-07,The Subject Was Roses,Jack Albertson,,,,1969670454559,FALSE,finalized,3,2/10/15 2:14,"St. Cloud, Mn",1,4-Nov-13,1,White,1,Na,1,Straight,1,1970,1,Best Supporting Actor,http://www.nndb.com/people/110/000063918/,,,"They Shoot Horses, Don't They?",Gig Young,,,,670454560,FALSE,finalized,3,2/10/15 1:48,"Felixstowe, Suffolk, England",1,22-Feb-08,1,White,1,Na,1,Straight,1,1971,1,Best Supporting Actor,http://www.nndb.com/people/701/000030611/,,,Ryan's Daughter,John Mills,,,,670454561,FALSE,finalized,3,2/10/15 1:56,"Shidler, Ok",1,13-Jun-18,1,White,1,Na,1,Straight,1,1972,1,Best Supporting Actor,http://www.nndb.com/people/425/000064233/,,,The Last Picture Show,Ben Johnson,,,,670454562,FALSE,finalized,3,2/10/15 1:52,"Cleveland, Oh",1,11-Apr-32,1,White,1,Jewish,1,Gay,1,1973,1,Best Supporting Actor,http://www.nndb.com/people/853/000048709/,,,Cabaret,Joel Grey,,,,670454563,FALSE,finalized,3,2/10/15 2:07,"Bucharest, Romania",1,22-Sep-1902,1,White,1,Na,1,Straight,0.6667,1974,1,Best Supporting Actor,http://www.nndb.com/people/686/000042560/,,,The Paper Chase,John Houseman,,,,670454564,FALSE,finalized,3,2/10/15 1:53,New York City,1,17-Aug-43,1,White,1,Roman Catholic,1,Straight,1,1975,1,Best Supporting Actor,http://www.nndb.com/people/765/000023696/,,,The Godfather Part II,Robert De Niro,,,,670454565,FALSE,finalized,3,2/10/15 1:48,New York City,1,20-Jan-1896,1,White,1,Jewish,1,Straight,1,1976,1,Best Supporting Actor,http://www.nndb.com/people/895/000022829/,,,The Sunshine Boys,George Burns,,,,670454566,TRUE,golden,91,,"Chicago, Il",1,26-Jul-22,0.9596,White,1,Na,1,Straight,1,1977,1,Best Supporting Actor,http://www.nndb.com/people/224/000032128/,,,All the President's Men,Jason Robards,,,,1977670454567,FALSE,finalized,3,2/10/15 1:53,"Chicago, Il",1,26-Jul-22,1,White,1,Na,1,Straight,1,1978,1,Best Supporting Actor,http://www.nndb.com/people/224/000032128/,,,Julia,Jason Robards,,,,670454568,FALSE,finalized,3,2/10/15 1:46,"Astoria, Ny",1,31-Mar-43,1,White,1,Na,1,Straight,1,1979,1,Best Supporting Actor,http://www.nndb.com/people/618/000022552/,,,The Deer Hunter,Christopher Walken,,,,670454569,FALSE,finalized,3,2/10/15 2:09,"Macon, Ga",1,5-Apr-1901,1,White,1,Jewish,1,Straight,1,1980,1,Best Supporting Actor,http://www.nndb.com/people/100/000063908/,,,Being There,Melvyn Douglas,,,,670454570,FALSE,finalized,3,2/10/15 2:18,"Malibu, Ca",1,16-Aug-60,1,White,1,Na,1,Straight,1,1981,1,Best Supporting Actor,http://www.nndb.com/people/378/000024306/,,,Oridnary People,Timothy Hutton,,,,670454571,FALSE,finalized,3,2/10/15 2:07,"London, England",0.6667,14-Apr-04,1,White,1,Na,1,Gay,1,1982,1,Best Supporting Actor,http://www.nndb.com/people/589/000033490/,,,Arthur,John Gielgud,,,,670454572,FALSE,finalized,3,2/10/15 3:50,"Brooklyn, Ny",1,27-May-36,1,Black,1,Na,1,Straight,1,1983,1,Best Supporting Actor,http://www.nndb.com/people/906/000023837/,,,An Officer and a Gentleman,"Lou Gossett, Jr.",,,,670454573,FALSE,finalized,3,2/10/15 2:03,New York City,1,22-Apr-37,1,White,1,Atheist,1,Straight,1,1984,1,Best Supporting Actor,http://www.nndb.com/people/722/000022656/,,,Terms of Endearment,Jack Nicholson,,,,670454574,FALSE,finalized,3,2/10/15 1:51,"Samrong Young, Cambodia",1,22-Mar-40,1,Asian,1,Buddhist,1,Straight,1,1985,1,Best Supporting Actor,http://www.nndb.com/people/093/000063901/,,,The Killing Fields,Haing S. Ngor,,,,670454575,FALSE,finalized,3,2/10/15 2:04,"Kenosha, Wi",1,31-May-04,1,White,1,Roman Catholic,1,Straight,1,1986,1,Best Supporting Actor,http://www.nndb.com/people/736/000024664/,,,Cocoon,Don Ameche,,,,670454576,FALSE,finalized,3,2/10/15 1:55,"Bermondsey, England",1,14-Mar-33,1,White,1,Na,1,Straight,1,1987,1,Best Supporting Actor,http://www.nndb.com/people/754/000022688/,,,Hannah and Her Sisters,Michael Caine,,,,670454577,FALSE,finalized,3,2/10/15 3:50,"Edinburgh, Scotland",1,25-Aug-30,1,White,1,Roman Catholic,1,Straight,1,1988,1,Best Supporting Actor,http://www.nndb.com/people/881/000022815/,,,The Untouchables,Sean Connery,,,,670454578,FALSE,finalized,3,2/10/15 2:18,"St. Louis, Mo",1,24-Oct-47,1,White,1,Roman Catholic,1,Straight,1,1989,1,Best Supporting Actor,http://www.nndb.com/people/819/000024747/,,,A Fish Called Wanda,Kevin Kline,,,,670454579,FALSE,finalized,3,2/10/15 2:04,"Mount Vernon, Ny",1,28-Dec-54,1,Black,1,Protestant,1,Straight,1,1990,1,Best Supporting Actor,http://www.nndb.com/people/665/000023596/,,,Glory,Denzel Washington,,,,670454580,FALSE,finalized,3,2/10/15 2:09,"Newark, Nj",1,9-Feb-43,1,White,1,Na,1,Straight,1,1991,1,Best Supporting Actor,http://www.nndb.com/people/582/000022516/,,,Good Fellas,Joe Pesci,,,,670454581,FALSE,finalized,3,2/10/15 1:57,"Lattimer Mines, Pa",1,18-Feb-19,1,White,1,Na,1,Straight,1,1992,1,Best Supporting Actor,http://www.nndb.com/people/579/000022513/,,,City Slickers,Jack Palance,,,,670454582,FALSE,finalized,3,2/10/15 1:47,"San Bernardino, Ca",1,30-Jan-30,1,White,1,Na,1,Straight,1,1993,1,Best Supporting Actor,http://www.nndb.com/people/878/000022812/,,,Unforgiven,Gene Hackman,,,,670454583,FALSE,finalized,3,2/10/15 2:04,"San Saba, Tx",1,15-Sep-46,1,White,1,Na,1,Straight,1,1994,1,Best Supporting Actor,http://www.nndb.com/people/530/000022464/,,,The Fugitive,Tommy Lee Jones,,,,670454584,FALSE,finalized,3,2/10/15 2:11,"Brooklyn, Ny",1,20-Jun-31,1,White,1,Jewish,1,Straight,1,1995,1,Best Supporting Actor,http://www.nndb.com/people/431/000023362/,,,Ed Wood,Martin Landau,,,,670454585,FALSE,finalized,3,2/10/15 2:11,"South Orange, Nj",1,26-Jul-59,1,White,1,Na,1,Matter of Dispute,1,1996,1,Best Supporting Actor,http://www.nndb.com/people/591/000023522/,,,The Usual Suspects,Kevin Spacey,,,,670454586,FALSE,finalized,3,2/10/15 4:21,"Bronx, Ny",1,2-Jan-68,1,Black,1,Na,1,Straight,1,1997,1,Best Supporting Actor,http://www.nndb.com/people/587/000023518/,,,Jerry Maguire,"Cuba Gooding, Jr.",,,,670454587,FALSE,finalized,3,2/10/15 4:08,"Chicago, Il",1,21-Jul-51,1,White,1,Anglican/episcopalian,1,Straight,1,1998,1,Best Supporting Actor,http://www.nndb.com/people/606/000022540/,,,Good Will Hunting,Robin Williams,,,,670454588,TRUE,golden,62,,"Laurel, Ne",1,31-Aug-28,1,White,1,Na,1,Straight,1,1999,1,Best Supporting Actor,http://www.nndb.com/people/764/000022698/,,,Affliction,James Coburn,,Na,,670454589,FALSE,finalized,3,2/10/15 2:12,"Bermondsey, England",1,14-Mar-33,1,White,1,Na,1,Straight,1,2000,1,Best Supporting Actor,http://www.nndb.com/people/754/000022688/,,,The Cider House Rules,Michael Caine,,,,670454590,FALSE,finalized,3,2/10/15 2:04,"Santurce, Puerto Rico",1,19-Feb-67,1,Hispanic,1,Na,1,Straight,1,2001,1,Best Supporting Actor,http://www.nndb.com/people/087/000026009/,,,Traffic,Benicio Del Toro,,,,670454591,FALSE,finalized,3,2/10/15 2:05,"Lincoln, Lincolnshire, England",1,24-May-49,1,White,1,Na,1,Straight,1,2002,1,Best Supporting Actor,http://www.nndb.com/people/092/000063900/,,,Iris,Jim Broadbent,,,,670454592,FALSE,finalized,3,2/10/15 2:15,"Kansas City, Mo",1,9-Jul-51,1,White,1,Na,1,Straight,1,2003,1,Best Supporting Actor,http://www.nndb.com/people/130/000025055/,,,Adaptation,Chris Cooper,,,,670454593,FALSE,finalized,3,2/10/15 2:14,"West Covina, Ca",1,16-Oct-58,1,White,1,Roman Catholic,1,Straight,1,2004,1,Best Supporting Actor,http://www.nndb.com/people/614/000025539/,,,Mystic River,Tim Robbins,,,,670454594,FALSE,finalized,3,2/10/15 3:55,"Memphis, Tn",1,1-Jun-37,1,Black,1,Na,1,Straight,1,2005,1,Best Supporting Actor,http://www.nndb.com/people/982/000023913/,,,Million Dollar Baby,Morgan Freeman,,,,670454595,FALSE,finalized,3,2/10/15 4:02,"Lexington, Ky",1,6-May-61,1,White,1,Na,1,Straight,1,2006,1,Best Supporting Actor,http://www.nndb.com/people/763/000022697/,,,Syriana,George Clooney,,,,670454596,FALSE,finalized,3,2/10/15 2:15,"Brooklyn, Ny",1,26-Mar-34,1,White,1,Jewish,1,Straight,1,2007,1,Best Supporting Actor,http://www.nndb.com/people/777/000022711/,,,Little Miss Sunshine,Alan Arkin,,,,670454597,FALSE,finalized,3,2/10/15 3:50,"Las Palmas De Gran Canaria, Canary Islands",1,1-Mar-69,1,Hispanic,1,Na,1,Straight,1,2008,1,Best Supporting Actor,http://www.nndb.com/people/733/000109406/,,,No Country for Old Men,Javier Bardem,,,,670454598,FALSE,finalized,3,2/10/15 1:59,"Perth, Australia",1,4-Apr-79,1,White,1,Na,1,Straight,1,2009,1,Best Supporting Actor,http://www.nndb.com/people/204/000029117/,,,The Dark Knight,Heath Ledger,,,,670454599,FALSE,finalized,3,2/10/15 2:05,Na,1,4-Oct-56,1,White,1,Na,1,Straight,1,2010,1,Best Supporting Actor,http://www.nndb.com/people/455/000213813/,,,Inglourious Basterds,Christoph Waltz,,,,670454600,FALSE,finalized,3,2/10/15 1:59,"Haverfordwest, Pembrokeshire, Wales",1,30-Jan-74,1,White,1,Na,1,Straight,1,2011,1,Best Supporting Actor,http://www.nndb.com/people/877/000031784/,,,The Fighter,Christian Bale,,,,670454601,FALSE,finalized,3,2/10/15 1:57,"Toronto, Ontario, Canada",1,13-Dec-29,1,White,1,Na,1,Straight,1,2012,1,Best Supporting Actor,http://www.nndb.com/people/316/000023247/,,,Beginning,Christopher Plummer,,,,670454602,FALSE,finalized,3,2/10/15 2:00,Na,0.6571,4-Oct-56,1,White,0.6571,Na,1,Straight,0.6571,2013,1,Best Supporting Actor,http://www.nndb.com/people/455/000213813/,,,Django Unchained,Christoph Waltz,,,,670454603,FALSE,finalized,3,2/10/15 2:08,"Bossier City, La",1,26-Dec-71,1,White,1,Na,1,Straight,1,2014,1,Best Supporting Actor,http://www.nndb.com/people/438/000026360/,,,Dallas Buyers Club,Jared Leto,,,,670454604,FALSE,finalized,3,2/10/15 1:57,"Philadelphia, Pa",1,6-Oct-06,1,White,1,Na,1,Straight,1,1929,1,Best Actress,http://www.nndb.com/people/129/000043000/,,,7th Heaven,Janet Gaynor,,,,670454605,FALSE,finalized,3,2/10/15 1:51,"Toronto, Ontario, Canada",1,8-Apr-1892,1,White,1,Na,1,Straight,1,1930,1,Best Actress,http://www.nndb.com/people/683/000042557/,,,Coquette,Mary Pickford,,,,670454606,FALSE,finalized,3,2/10/15 2:03,"Montreal, Quebec, Canada",1,10-Aug-1902,1,White,1,Na,1,Straight,1,1930,1,Best Actress,http://www.nndb.com/people/813/000063624/,,,The Divorcee,Norma Shearer,,,,670454607,FALSE,finalized,3,2/10/15 2:05,"Cobourg, Ontario, Canada",1,2-Nov-1868,1,White,1,Na,1,Straight,1,1931,1,Best Actress,http://www.nndb.com/people/814/000063625/,,,Min and Bill,Marie Dressler,,,,670454608,FALSE,finalized,3,2/10/15 1:49,"Washington, Dc",1,10-Oct-1900,1,White,1,Na,1,Straight,1,1932,1,Best Actress,http://www.nndb.com/people/908/000031815/,,,The Sin of Madelon Claudet,Helen Hayes,,,,670454609,FALSE,finalized,3,2/10/15 4:06,"Hartford, Ct",1,12-May-07,1,White,1,Atheist,1,Bisexual,1,1934,1,Best Actress,http://www.nndb.com/people/775/000023706/,,,Morning Glory,Katharine Hepburn,,,,670454610,FALSE,finalized,3,2/10/15 1:59,"Paris, France",1,13-Sep-1903,1,White,1,Na,1,Straight,1,1935,1,Best Actress,http://www.nndb.com/people/935/000043806/,,,It Happened One Night,Claudette Colbert,,,,670454611,FALSE,finalized,3,2/10/15 2:03,"Lowell, Ma",1,5-Apr-08,1,White,1,Na,1,Straight,1,1936,1,Best Actress,http://www.nndb.com/people/457/000026379/,,,Dangerous,Bette Davis,,,,670454612,FALSE,finalized,3,2/10/15 2:11,"Dusseldorf, Germany",1,12-Jan-10,1,White,1,Jewish,1,Straight,1,1937,1,Best Actress,http://www.nndb.com/people/796/000030706/,,,The Great Ziegfeld,Luise Rainer,,,,670454613,FALSE,finalized,3,2/10/15 3:58,"Dusseldorf, Germany",1,12-Jan-10,1,White,1,Jewish,1,Straight,1,1938,1,Best Actress,http://www.nndb.com/people/796/000030706/,,,The Good Earth,Luise Rainer,,,,670454614,FALSE,finalized,3,2/10/15 1:43,"Lowell, Ma",1,5-Apr-08,1,White,1,Na,1,Straight,1,1939,1,Best Actress,http://www.nndb.com/people/457/000026379/,,,Jezebel,Bette Davis,,,,670454615,FALSE,finalized,3,2/10/15 2:29,"Darjeeling, India",1,5-Nov-13,1,White,1,Roman Catholic,1,Straight,1,1940,1,Best Actress,http://www.nndb.com/people/470/000022404/,,,Gone with the Wind,Vivien Leigh,,,,670454616,TRUE,golden,76,,"Independence, Mo",1,16-Jul-11,1,White,1,Christian Science,0.9597,Straight,1,1941,1,Best Actress,http://www.nndb.com/people/635/000043506/,,16-Jul-11,Kitty Foyle,Ginger Rogers,White,,,670454617,FALSE,finalized,3,2/10/15 4:07,"Tokyo, Japan",1,22-Oct-17,1,White,1,Na,1,Straight,1,1940,1,Best Actress,http://www.nndb.com/people/487/000026409/,,,Suspicion,Joan Fontaine,,,,670454618,FALSE,finalized,3,2/10/15 1:59,"London, England",1,29-Sep-04,1,White,1,Na,1,Straight,1,1942,1,Best Actress,http://www.nndb.com/people/293/000044161/,,,Mrs. Miniver,Greer Garson,,,,670454619,FALSE,finalized,3,2/10/15 2:14,"Tulsa, Ok",1,2-Mar-19,1,White,1,Roman Catholic,1,Straight,1,1944,1,Best Actress,http://www.nndb.com/people/809/000063620/,,,The Song of Bernadette,Jennifer Jones,,,,670454620,FALSE,finalized,3,2/10/15 2:04,"Stockholm, Sweden",1,29-Aug-15,1,White,1,Na,1,Straight,1,1945,1,Best Actress,http://www.nndb.com/people/836/000024764/,,,Gaslight,Ingrid Bergman,,,,670454621,FALSE,finalized,3,2/10/15 4:08,"San Antonio, Tx",1,23-Mar-05,1,White,1,Christian Science,1,Bisexual,1,1946,1,Best Actress,http://www.nndb.com/people/837/000031744/,,,Mildred Pierce,Joan Crawford,,,,670454622,FALSE,finalized,3,2/10/15 1:47,"Tokyo, Japan",1,1-Jul-16,1,White,1,Na,1,Straight,1,1947,1,Best Actress,http://www.nndb.com/people/741/000022675/,,,To Each His Own,Olivia de Havilland,,,,670454623,FALSE,finalized,3,2/10/15 2:00,"Salt Lake City, Ut",1,6-Jan-13,1,White,1,Roman Catholic,1,Straight,1,1948,1,Best Actress,http://www.nndb.com/people/089/000031993/,,,The Farmer's Daughter,Loretta Young,,,,670454624,FALSE,finalized,3,2/10/15 2:18,"St. Joseph, Mo",1,5-Jan-17,1,White,1,Roman Catholic,1,Straight,1,1949,1,Best Actress,http://www.nndb.com/people/656/000022590/,,,Johnny Belinda,Jane Wyman,,,,670454625,FALSE,finalized,3,2/10/15 2:10,"Tokyo, Japan",1,1-Jul-16,1,White,1,Na,1,Straight,1,1950,1,Best Actress,http://www.nndb.com/people/741/000022675/,,,The Heiress,Olivia de Havilland,,,,670454626,FALSE,finalized,3,2/10/15 2:01,New York City,1,21-Jun-21,1,White,1,Na,1,Straight,1,1951,1,Best Actress,http://www.nndb.com/people/808/000063619/,,,Born Yesterday,Judy Holliday,,,,670454627,FALSE,finalized,3,2/10/15 1:51,"Darjeeling, India",1,5-Nov-13,1,White,1,Roman Catholic,1,Straight,1,1952,1,Best Actress,http://www.nndb.com/people/470/000022404/,,,A Streetcar Named Desire,Vivien Leigh,,,,670454628,FALSE,finalized,3,2/10/15 2:00,New York City,1,30-Aug-1898,1,White,1,Na,1,Straight,1,1953,1,Best Actress,http://www.nndb.com/people/807/000063618/,,,"Come Back, Little Sheba",Shirley Booth,,,,670454629,FALSE,finalized,3,2/10/15 2:00,"Brussels, Belgium",1,4-May-29,1,White,1,Christian Science,1,Straight,1,1954,1,Best Actress,http://www.nndb.com/people/933/000026855/,,,Roman Holiday,Audrey Hepburn,,,,670454630,FALSE,finalized,3,2/10/15 1:52,"Philadelphia, Pa",1,12-Nov-29,1,White,1,Roman Catholic,1,Straight,1,1955,1,Best Actress,http://www.nndb.com/people/770/000025695/,,,The Country Girl,Grace Kelly,,,,670454631,FALSE,finalized,3,2/10/15 4:07,"Rome, Italy",1,7-Mar-08,1,White,1,Na,1,Straight,1,1956,1,Best Actress,http://www.nndb.com/people/806/000063617/,,,The Rose Tattoo,Anna Magnani,,,,670454632,FALSE,finalized,3,2/10/15 4:07,"Stockholm, Sweden",1,29-Aug-15,1,White,1,Na,1,Straight,1,1957,1,Best Actress,http://www.nndb.com/people/836/000024764/,,,Anastasia,Ingrid Bergman,,,,670454633,TRUE,golden,75,,"Thomasville, Ga",1,27-Feb-30,1,White,1,Na,1,Straight,1,1958,1,Best Actress,http://www.nndb.com/people/747/000043618/,,27-Feb-30,The Three Faces of Eve,Joanne Woodward,,,Straight,670454634,FALSE,finalized,3,2/10/15 1:59,"Brooklyn, Ny",1,30-Jun-18,1,White,1,Roman Catholic,1,Straight,1,1959,1,Best Actress,http://www.nndb.com/people/805/000063616/,,,I Want To Live!,Susan Hayward,,,,670454635,FALSE,finalized,3,2/10/15 2:00,"Wiesbaden, Germany",1,25-Mar-21,1,White,1,Na,1,Straight,1,1960,1,Best Actress,http://www.nndb.com/people/804/000063615/,,,Room at the Top,Simone Signoret,,,,670454636,FALSE,finalized,3,2/10/15 2:04,"London, England",1,27-Feb-32,1,White,1,Jewish,1,Straight,1,1961,1,Best Actress,http://www.nndb.com/people/624/000023555/,,,Butterfield 8,Elizabeth Taylor,,,,670454637,FALSE,finalized,3,2/10/15 1:51,"Pozzuoli, Italy",1,20-Sep-34,1,White,1,Roman Catholic,1,Straight,1,1962,1,Best Actress,http://www.nndb.com/people/811/000023742/,,,Two Women,Sophia Loren,,,,670454638,FALSE,finalized,3,2/10/15 3:50,"Bronx, Ny",1,17-Sep-31,1,White,1,Roman Catholic,1,Straight,1,1963,1,Best Actress,http://www.nndb.com/people/439/000023370/,,,The Miracle Worker,Anne Bancroft,,,,670454639,FALSE,finalized,3,2/10/15 2:04,"Packard, Ky",1,20-Jan-26,1,White,1,Roman Catholic,1,Straight,1,1964,1,Best Actress,http://www.nndb.com/people/226/000042100/,,,Hud,Patricia Neal,,,,670454640,FALSE,finalized,3,2/10/15 3:45,"Walton-on-Thames, Surrey, England",1,1-Oct-35,1,White,1,Na,1,Straight,1,1965,1,Best Actress,http://www.nndb.com/people/874/000023805/,,,Mary Poppins,Julie Andrews,,,,670454641,FALSE,finalized,3,2/10/15 1:59,"Chabua, Assam, India",1,14-Apr-41,1,White,1,Na,1,Straight,1,1966,1,Best Actress,http://www.nndb.com/people/801/000063612/,,,Darling,Julie Christie,,,,670454642,TRUE,golden,86,,"London, England",1,27-Feb-32,1,White,1,Jewish,1,Straight,1,1967,1,Best Actress,http://www.nndb.com/people/624/000023555/,"London, England",,Who's Afraid of Virginia Woolf?,Elizabeth Taylor,,,,1967670454643,FALSE,finalized,3,2/10/15 1:59,"Hartford, Ct",1,12-May-07,1,White,1,Atheist,1,Bisexual,1,1968,1,Best Actress,http://www.nndb.com/people/775/000023706/,,,Guess Who's Coming to Dinner,Katharine Hepburn,,,,670454644,FALSE,finalized,3,2/10/15 2:05,"Brooklyn, Ny",1,24-Apr-42,1,White,1,Jewish,1,Straight,1,1969,0.6897,Best Actress,http://www.nndb.com/people/526/000022460/,,,Funny Girl,Barbra Streisand,,,,670454645,FALSE,finalized,3,2/10/15 2:03,"Hartford, Ct",1,12-May-07,1,White,1,Atheist,1,Bisexual,1,1969,1,Best Actress,http://www.nndb.com/people/775/000023706/,,,The Lion in Winter,Katharine Hepburn,,,,670454646,TRUE,golden,89,,"Ilford, Essex, England",1,28-Dec-34,1,White,1,Na,1,Straight,1,1970,1,Best Actress,http://www.nndb.com/people/260/000030170/,"Ilford, Essex, England",,The Prime of Miss Jean Brodie,Maggie Smith,,,,670454647,FALSE,finalized,3,2/10/15 2:06,"Birkenhead, Cheshire, England",1,9-May-36,1,White,1,Na,1,Straight,1,1971,1,Best Actress,http://www.nndb.com/people/799/000063610/,,,Women in Love,Glenda Jackson,,,,670454648,FALSE,finalized,3,2/10/15 2:05,New York City,1,21-Dec-37,1,White,1,Born-Again Christian,1,Straight,1,1972,1,Best Actress,http://www.nndb.com/people/637/000022571/,,,Klute,Jane Fonda,,,,670454649,FALSE,finalized,3,2/10/15 1:49,"Los Angeles, Ca",1,12-Mar-46,1,White,1,Na,1,Na,1,1973,1,Best Actress,http://www.nndb.com/people/724/000024652/,,,Cabaret,Liza Minnelli,,,,670454650,FALSE,finalized,3,2/10/15 2:05,"Birkenhead, Cheshire, England",1,9-May-36,1,White,1,Na,1,Straight,1,1974,1,Best Actress,http://www.nndb.com/people/799/000063610/,,,A Touch of Class,Glenda Jackson,,,,670454651,FALSE,finalized,3,2/10/15 2:04,"Detroit, Mi",1,7-Dec-32,1,White,1,Sufism,0.3333,Straight,1,1975,1,Best Actress,http://www.nndb.com/people/650/000023581/,,,Alice Doesn't Live Here Anymore,Ellen Burstyn,,,,670454652,FALSE,finalized,3,2/10/15 1:59,"Birmingham, Al",1,22-Jul-34,1,White,1,Na,1,Straight,1,1976,1,Best Actress,http://www.nndb.com/people/798/000063609/,,,One Flew Over the Cuckoo's Nest,Louise Fletcher,,,,670454653,TRUE,golden,91,,"Bascom, Fl",1,14-Jan-41,1,White,1,Roman Catholic,1,Straight,0.9599,1977,1,Best Actress,http://www.nndb.com/people/884/000022818/,"Bascom, Fl",,Network,Faye Dunaway,,,,1977670454654,FALSE,finalized,3,2/10/15 3:50,"Los Angeles, Ca",1,5-Jan-46,1,White,1,Atheist,1,Straight,1,1978,1,Best Actress,http://www.nndb.com/people/879/000022813/,,,Annie Hall,Diane Keaton,,,,670454655,FALSE,finalized,3,2/10/15 2:05,New York City,1,21-Dec-37,1,White,1,Born-Again Christian,1,Straight,1,1979,1,Best Actress,http://www.nndb.com/people/637/000022571/,,,Coming Home,Jane Fonda,,,,670454656,FALSE,finalized,3,2/10/15 1:55,"Pasadena, Ca",1,6-Nov-46,1,White,1,Na,1,Straight,1,1980,1,Best Actress,http://www.nndb.com/people/897/000022831/,,,Norma Rae,Sally Field,,,,670454657,FALSE,finalized,3,2/10/15 2:41,"Quitman, Tx",1,25-Dec-49,1,White,1,Na,0.6897,Straight,1,1981,1,Best Actress,http://www.nndb.com/people/758/000023689/,,,Coal Miner's Daughter,Sissy Spacek,,,,670454658,FALSE,finalized,3,2/10/15 2:04,"Hartford, Ct",1,12-May-07,1,White,1,Atheist,1,Bisexual,1,1982,1,Best Actress,http://www.nndb.com/people/775/000023706/,,,On Golden Pond,Katharine Hepburn,,,,670454659,FALSE,finalized,3,2/10/15 1:59,"Summit, Nj",1,22-Jun-49,1,White,1,Na,1,Straight,1,1983,1,Best Actress,http://www.nndb.com/people/001/000024926/,,,Sophie's Choice,Meryl Streep,,,,670454660,FALSE,finalized,3,2/10/15 1:56,"Richmond, Va",1,24-Apr-34,1,White,1,Baptist,1,Straight,1,1984,1,Best Actress,http://www.nndb.com/people/799/000023730/,,,Terms of Endearment,Shirley MacLaine,,,,670454661,FALSE,finalized,3,2/10/15 2:04,"Pasadena, Ca",1,6-Nov-46,0.6667,White,1,Na,1,Straight,1,1985,1,Best Actress,http://www.nndb.com/people/897/000022831/,,,Places in the Heart,Sally Field,,,,670454662,FALSE,finalized,3,2/10/15 2:02,"Kirksville, Mo",1,22-Nov-24,1,White,1,Na,1,Straight,1,1986,1,Best Actress,http://www.nndb.com/people/780/000043651/,,,The Trip to Bountiful,Geraldine Page,,,,670454663,FALSE,finalized,3,2/10/15 2:05,"Morton Grove, Il",1,24-Aug-65,1,White,1,Jewish,1,Straight,1,1987,1,Best Actress,http://www.nndb.com/people/870/000023801/,,,Children of a Lesser God,Marlee Matlin,,,,670454664,FALSE,finalized,3,2/10/15 2:18,"El Centro, Ca",1,20-May-46,1,White,1,Na,1,Bisexual,1,1988,1,Best Actress,http://www.nndb.com/people/688/000022622/,,,Moonstruck,Cher,,,,670454665,FALSE,finalized,3,2/10/15 3:57,"Los Angeles, Ca",1,19-Nov-62,1,White,1,Atheist,1,Lesbian,1,1989,1,Best Actress,http://www.nndb.com/people/756/000023687/,,,The Accused,Jodie Foster,,,,670454666,FALSE,finalized,3,2/10/15 1:59,"London, England",1,7-Jun-09,1,White,1,Na,1,Straight,1,1990,1,Best Actress,http://www.nndb.com/people/017/000023945/,,,Driving Miss Daisy,Jessica Tandy,,,,670454667,FALSE,finalized,3,2/10/15 4:08,"Memphis, Tn",1,28-Jun-48,1,White,1,Na,1,Straight,1,1991,1,Best Actress,http://www.nndb.com/people/907/000024835/,,,Misery,Kathy Bates,,,,670454668,FALSE,finalized,3,2/10/15 1:59,"Los Angeles, Ca",1,19-Nov-62,1,White,1,Atheist,1,Lesbian,1,1992,1,Best Actress,http://www.nndb.com/people/756/000023687/,,,The Silence of the Lambs,Jodie Foster,,,,670454669,FALSE,finalized,3,2/10/15 1:51,"London, England",1,15-Apr-59,1,White,1,Na,1,Straight,1,1993,1,Best Actress,http://www.nndb.com/people/627/000025552/,,,Howards End,Emma Thompson,,,,670454670,FALSE,finalized,3,2/10/15 2:03,"Conyers, Ga",1,20-Mar-58,1,White,1,Na,1,Straight,1,1994,1,Best Actress,http://www.nndb.com/people/566/000023497/,,,The Piano,Holly Hunter,,,,670454671,FALSE,finalized,3,2/10/15 2:05,"Cloquet, Mn",1,20-Apr-49,1,White,1,Na,1,Straight,1,1995,1,Best Actress,http://www.nndb.com/people/004/000022935/,,,Blue Sky,Jessica Lange,,,,670454672,FALSE,finalized,3,2/10/15 1:59,"Queens, Ny",1,4-Oct-46,1,White,1,Roman Catholic,1,Straight,1,1996,1,Best Actress,http://www.nndb.com/people/762/000024690/,,,Dead Man Walking,Susan Sarandon,,,,670454673,FALSE,finalized,3,2/10/15 2:16,"Chicago, Il",1,23-Jun-57,1,White,1,Disciples of Christ,1,Straight,1,1997,1,Best Actress,http://www.nndb.com/people/517/000025442/,,,Fargo,Frances McDormand,,,,670454674,FALSE,finalized,3,2/10/15 3:55,"Culver City, Ca",1,15-Jun-63,1,White,1,Na,1,Straight,1,1998,1,Best Actress,http://www.nndb.com/people/554/000023485/,,,As Good As It Gets,Helen Hunt,,,,670454675,TRUE,golden,91,,"Los Angeles, Ca",1,27-Sep-72,1,White,1,Jewish,1,Straight,1,1999,1,Best Actress,http://www.nndb.com/people/592/000023523/,"Los Angeles, Ca",,Shakespeare in Love,Gwyneth Paltrow,,,,670454676,FALSE,finalized,3,2/10/15 1:53,"Lincoln, Ne",1,30-Jul-74,1,White,1,Na,1,Straight,1,2000,1,Best Actress,http://www.nndb.com/people/333/000026255/,,,Boys Don't Cry,Hilary Swank,,,,670454677,FALSE,finalized,3,2/10/15 2:00,"Smyrna, Ga",1,28-Oct-67,1,White,1,Hindu,1,Straight,1,2001,1,Best Actress,http://www.nndb.com/people/592/000022526/,,,Erin Brockovich,Julia Roberts,,,,670454678,FALSE,finalized,3,2/10/15 2:14,"Cleveland, Oh",1,14-Aug-66,1,Multiracial,1,Na,1,Straight,1,2002,1,Best Actress,http://www.nndb.com/people/487/000023418/,,,Monster's Ball,Halle Berry,,,,670454679,FALSE,finalized,3,2/10/15 1:55,"Honolulu, Hi",1,20-Jun-67,1,White,1,Roman Catholic,1,Straight,1,2003,1,Best Actress,http://www.nndb.com/people/917/000022851/,,,The Hours,Nicole Kidman,,,,670454680,FALSE,finalized,3,2/10/15 2:01,"Benoni, South Africa",1,7-Aug-75,1,White,1,Na,1,Straight,1,2004,1,Best Actress,http://www.nndb.com/people/146/000026068/,,,Monster,Charlize Theron,,,,670454681,TRUE,golden,85,,"Lincoln, Ne",1,30-Jul-74,1,White,1,Na,1,Straight,1,2005,1,Best Actress,http://www.nndb.com/people/333/000026255/,,,Million Dollar Baby,Hilary Swank,,Na,,2005670454682,FALSE,finalized,3,2/10/15 1:56,"New Orleans, La",1,22-Mar-76,1,White,1,Na,1,Straight,1,2006,1,Best Actress,http://www.nndb.com/people/813/000022747/,,,Walk the Line,Reese Witherspoon,,,,670454683,FALSE,finalized,3,2/10/15 4:02,"Chiswick, London, England",1,26-Jul-45,1,White,1,Na,1,Straight,1,2007,1,Best Actress,http://www.nndb.com/people/907/000044775/,,,The Queen,Helen Mirren,,,,670454684,FALSE,finalized,3,2/10/15 2:02,"Paris, France",1,30-Sep-75,1,White,1,Na,1,Straight,1,2008,1,Best Actress,http://www.nndb.com/people/723/000136315/,,,The Passionate Life of Edith Piaf,Marion Cotillard,,,,670454685,FALSE,finalized,3,2/10/15 2:02,"Reading, England",1,5-Oct-75,1,White,1,Na,1,Straight,1,2009,1,Best Actress,http://www.nndb.com/people/582/000023513/,,,The Reader,Kate Winslet,,,,670454686,FALSE,finalized,3,2/10/15 2:04,"Arlington, Va",1,26-Jul-64,1,White,1,Na,1,Straight,1,2010,1,Best Actress,http://www.nndb.com/people/601/000023532/,,,The Blind Side,Sandra Bullock,,,,670454687,FALSE,finalized,3,2/10/15 2:03,"Jerusalem, Israel",1,9-Jun-81,1,White,1,Jewish,1,Straight,1,2011,1,Best Actress,http://www.nndb.com/people/040/000022971/,,,Black Swan,Natalie Portman,,,,670454688,FALSE,finalized,3,2/10/15 1:58,"Summit, Nj",1,22-Jun-49,1,White,1,Na,1,Straight,1,2012,1,Best Actress,http://www.nndb.com/people/001/000024926/,,,The Iron Lady,Meryl Streep,,,,670454689,FALSE,finalized,3,2/10/15 2:15,"Louisville, Ky",1,15-Aug-90,1,White,1,Na,1,Na,1,2013,0.6667,Best Actress,http://www.nndb.com/people/597/000272778/,,,Silver Linings Playbook,Jennifer Lawrence,,,,670454690,FALSE,finalized,3,2/10/15 2:13,"Melbourne, Victoria, Australia",1,14-May-69,1,White,1,Na,1,Straight,1,2014,1,Best Actress,http://www.nndb.com/people/222/000026144/,,,Blue Jasmine,Cate Blanchett,,,,670454691,FALSE,finalized,3,2/10/15 4:08,"Litchfield, Mn",1,15-Feb-1899,1,White,1,Na,1,Straight,1,1937,1,Best Supporting Actress,http://www.nndb.com/people/062/000063870/,,,Anthony Adverse,Gale Sondergaard,,,,670454692,FALSE,finalized,3,2/10/15 1:57,New York City,1,2-Nov-1892,1,White,1,Na,1,Straight,1,1938,1,Best Supporting Actress,http://www.nndb.com/people/079/000063887/,,,In Old Chicago,Alice Brady,,,,670454693,FALSE,finalized,3,2/10/15 2:03,"Los Angeles, Ca",1,7-Dec-1891,1,White,1,Na,1,Straight,1,1939,1,Best Supporting Actress,http://www.nndb.com/people/074/000063882/,,,Jezebel,Fay Bainter,,,,670454694,FALSE,finalized,3,2/10/15 3:53,"Wichita, Ks",1,10-Jun-1893,1,Black,1,Christian,1,Matter of Dispute,1,1940,1,Best Supporting Actress,http://www.nndb.com/people/077/000063885/,,,Gone with the Wind,Hattie McDaniel,,,,670454695,FALSE,finalized,3,2/10/15 1:59,"Palmyra, Mo",1,15-Oct-1879,1,White,1,Na,1,Straight,1,1941,1,Best Supporting Actress,http://www.nndb.com/people/078/000063886/,,,The Grapes of Wrath,Jane Darwell,,,,670454696,TRUE,golden,91,,"Quincy, Il",1,3-May-06,1,White,1,Roman Catholic,1,Straight,1,1942,1,Best Supporting Actress,http://www.nndb.com/people/690/000042564/,"Quincy, Il",,The Great Lie,Mary Astor,,Roman Catholic,,1942670454697,FALSE,finalized,3,2/10/15 2:16,New York City,1,27-Oct-18,1,White,1,Na,1,Straight,0.6667,1943,1,Best Supporting Actress,http://www.nndb.com/people/580/000045445/,,,Mrs. Miniver,Teresa Wright,,,,670454698,FALSE,finalized,3,2/10/15 2:10,"Athens, Greece",1,17-Dec-1900,1,White,1,Na,1,Straight,1,1944,1,Best Supporting Actress,http://www.nndb.com/people/080/000063888/,,,For Whom the Bell Tolls,Katina Paxinou,,,,670454699,FALSE,finalized,3,2/10/15 1:43,"Philadelphia, Pa",1,15-Aug-1879,1,White,1,Roman Catholic,1,Straight,1,1945,1,Best Supporting Actress,http://www.nndb.com/people/743/000043614/,,,None but the Lonely Heart,Ethel Barrymore,,,,670454700,TRUE,golden,76,,New York City,1,25-Jun-1903,1,White,1,Na,1,Straight,1,1946,1,Best Supporting Actress,http://www.nndb.com/people/081/000063889/,New York City,,National Velvet,Anne Revere,,,Straight,670454701,FALSE,finalized,3,2/10/15 4:21,"Michigan City, In",1,7-May-23,1,White,1,Na,1,Straight,1,1947,1,Best Supporting Actress,http://www.nndb.com/people/458/000026380/,,,The Razor's Edge,Anne Baxter,,,,670454702,FALSE,finalized,3,2/10/15 2:41,New York City,1,29-Apr-17,1,White,1,Na,0.6897,Straight,1,1948,1,Best Supporting Actress,http://www.nndb.com/people/084/000063892/,,,Gentleman's Agreement,Celeste Holm,,,,670454703,FALSE,finalized,3,2/10/15 4:02,New York City,1,8-Mar-10,1,White,1,Na,1,Straight,1,1949,1,Best Supporting Actress,http://www.nndb.com/people/085/000063893/,,,Key Largo,Claire Trevor,,,,670454704,FALSE,finalized,3,2/10/15 4:08,"Joliet, Il",1,17-Mar-16,1,White,1,Roman Catholic,1,Straight,1,1950,1,Best Supporting Actress,http://www.nndb.com/people/086/000063894/,,,All the King's Men,Mercedes McCambridge,,,,670454705,FALSE,finalized,3,2/10/15 4:08,"Newtonville, Ma",1,3-Jan-1886,1,White,1,Na,1,Straight,1,1951,1,Best Supporting Actress,http://www.nndb.com/people/087/000063895/,,,Harvey,Josephine Hull,,,,670454706,FALSE,finalized,3,2/10/15 2:05,"Detroit, Mi",1,12-Nov-22,1,White,1,Na,0.6897,Straight,1,1952,1,Best Supporting Actress,http://www.nndb.com/people/501/000051348/,,,A Streetcar Named Desire,Kim Hunter,,,,670454707,FALSE,finalized,3,2/10/15 2:12,"Los Angeles, Ca",1,28-Nov-23,1,White,1,Na,1,Straight,1,1953,1,Best Supporting Actress,http://www.nndb.com/people/088/000063896/,,,The Bad and the Beautiful,Gloria Grahame,,,,670454708,FALSE,finalized,3,2/10/15 2:10,"Denison, Ia",1,27-Jan-21,1,White,1,Na,1,Straight,1,1954,1,Best Supporting Actress,http://www.nndb.com/people/702/000031609/,,,From Here to Eternity,Donna Reed,,,,670454709,FALSE,finalized,3,2/10/15 4:21,"Newark, Nj",1,4-Jul-24,1,White,1,Na,1,Straight,1,1955,1,Best Supporting Actress,http://www.nndb.com/people/980/000022914/,,,On the Waterfront,Eva Marie Saint,,,,670454710,FALSE,finalized,3,2/10/15 4:02,"Oakland, Ca",1,30-Dec-14,1,White,1,Na,1,Straight,1,1956,1,Best Supporting Actress,http://www.nndb.com/people/089/000063897/,,,East of Eden,Jo Van Fleet,,,,670454711,FALSE,finalized,3,2/10/15 1:55,"Chicago, Il",1,30-Jan-25,1,White,1,Na,1,Straight,1,1957,1,Best Supporting Actress,http://www.nndb.com/people/090/000063898/,,,Written on the Wind,Dorothy Malone,,,,670454712,FALSE,finalized,3,2/10/15 1:52,"Otaro, Hokkaido, Japan",1,3-Apr-29,1,Asian,1,Na,1,Straight,1,1958,1,Best Supporting Actress,http://www.nndb.com/people/091/000063899/,,,Sayonara,Miyoshi Umeki,,,,670454713,FALSE,finalized,3,2/10/15 3:56,"Bramhall, Cheshire, England",1,15-Aug-12,1,White,1,Na,1,Straight,1,1959,1,Best Supporting Actress,http://www.nndb.com/people/056/000063864/,,,Separate Tables,Wendy Hiller,,,,670454714,FALSE,finalized,3,2/10/15 2:15,"St. Louis, Mo",1,18-Aug-20,1,White,1,Jewish,1,Straight,1,1960,1,Best Supporting Actress,http://www.nndb.com/people/859/000022793/,,,The Diary of Anne Frank,Shelley Winters,,,,670454715,FALSE,finalized,3,2/10/15 3:57,"Charleroi, Pa",1,31-Mar-34,1,White,1,Methodist,1,Straight,1,1961,1,Best Supporting Actress,http://www.nndb.com/people/795/000023726/,,,Elmer Gantry,Shirley Jones,,,,670454716,FALSE,finalized,3,2/10/15 1:59,"Humacao, Puerto Rico",1,11-Dec-31,1,Hispanic,1,Na,1,Straight,1,1962,1,Best Supporting Actress,http://www.nndb.com/people/463/000023394/,,,West Side Story,Rita Moreno,,,,670454717,FALSE,finalized,3,2/10/15 2:02,"Elmhurst, Ny",1,14-Dec-46,1,White,1,Roman Catholic,1,Straight,1,1963,1,Best Supporting Actress,http://www.nndb.com/people/775/000022709/,,,The Miracle Worker,Patty Duke,,,,670454718,FALSE,finalized,3,2/10/15 1:46,"London, England",1,11-May-1892,1,White,1,Na,1,Straight,1,1964,1,Best Supporting Actress,http://www.nndb.com/people/052/000063860/,,,the V.I.P.s,Margaret Rutherford,,,,670454719,FALSE,finalized,3,2/10/15 1:59,"St. Petersburg, Russia",1,9-Oct-18,1,White,1,Na,1,Straight,1,1965,1,Best Supporting Actress,http://www.nndb.com/people/049/000063857/,,,Zorba the Greek,Lila Kedrova,,,,670454720,FALSE,finalized,3,2/10/15 1:57,"St. Louis, Mo",1,18-Aug-20,1,White,1,Jewish,1,Straight,1,1966,1,Best Supporting Actress,http://www.nndb.com/people/859/000022793/,,,A Patch of Blue,Shelley Winters,,,,670454721,FALSE,finalized,3,2/10/15 4:02,"Hastings, Ne",0.6667,27-Apr-37,1,White,1,Na,1,Bisexual,1,1967,1,Best Supporting Actress,http://www.nndb.com/people/961/000063772/,,,Who's Afraid of Virginia Woolf?,Sandy Dennis,,,,670454722,FALSE,finalized,3,2/10/15 3:53,"Marblehead, Ma",1,20-Nov-27,1,White,1,Na,1,Straight,1,1968,1,Best Supporting Actress,http://www.nndb.com/people/475/000032379/,,,Bonnie and Clyde,Estelle Parsons,,,,670454723,FALSE,finalized,3,2/10/15 1:47,"Quincy, Ma",1,30-Oct-1896,1,White,1,Na,1,Straight,1,1969,1,Best Supporting Actress,http://www.nndb.com/people/818/000043689/,,,Rosemary's Baby,Ruth Gordon,,,,670454724,FALSE,finalized,3,2/10/15 2:13,"Silver Spring, Md",1,21-Nov-45,1,White,1,Buddhist,1,Straight,1,1970,1,Best Supporting Actress,http://www.nndb.com/people/996/000022930/,,,Cactus Flower,Goldie Hawn,,,,670454725,FALSE,finalized,3,2/10/15 1:51,"Washington, Dc",1,10-Oct-1900,1,White,1,Na,1,Straight,1,1971,1,Best Supporting Actress,http://www.nndb.com/people/908/000031815/,,,Airport,Helen Hayes,,,,670454726,FALSE,finalized,3,2/10/15 1:55,"Des Moines, Ia",0.6667,30-Apr-26,1,White,1,Na,1,Straight,1,1972,1,Best Supporting Actress,http://www.nndb.com/people/177/000023108/,,,The Last Picture Show,Cloris Leachman,,,,670454727,FALSE,finalized,3,2/10/15 2:04,"Columbus, Oh",1,29-Mar-19,0.6667,White,1,Na,1,Straight,1,1973,1,Best Supporting Actress,http://www.nndb.com/people/828/000063639/,,,Butterflies Are Free,Eileen Heckart,,,,670454728,FALSE,finalized,3,2/10/15 2:04,"Los Angeles, Ca",1,5-Nov-63,1,White,1,Na,1,Straight,1,1974,1,Best Supporting Actress,http://www.nndb.com/people/104/000024032/,,,Paper Moon,Tatum O'Neal,,,,670454729,FALSE,finalized,3,2/10/15 2:02,"Stockholm, Sweden",1,29-Aug-15,1,White,1,Na,1,Straight,1,1975,1,Best Supporting Actress,http://www.nndb.com/people/836/000024764/,,,Murder on the Orient Express,Ingrid Bergman,,,,670454730,TRUE,golden,87,,New York City,1,31-Oct-27,1,White,0.9594,Jewish,1,Straight,1,1976,1,Best Supporting Actress,http://www.nndb.com/people/409/000032313/,,31-Oct-27,Shampoo,Lee Grant,,Jewish,,670454731,FALSE,finalized,3,2/10/15 2:14,"Old Westbury, Ny",1,2-Aug-14,1,White,1,Na,1,Straight,1,1977,1,Best Supporting Actress,http://www.nndb.com/people/817/000063628/,,,Network,Beatrice Straight,,,,670454732,FALSE,finalized,3,2/10/15 2:06,"London, England",1,30-Jan-37,1,White,1,Na,1,Straight,1,1978,1,Best Supporting Actress,http://www.nndb.com/people/590/000023521/,,,Julia,Vanessa Redgrave,,,,670454733,FALSE,finalized,3,2/10/15 1:46,"Ilford, Essex, England",1,28-Dec-34,1,White,1,Na,1,Straight,1,1979,1,Best Supporting Actress,http://www.nndb.com/people/260/000030170/,,,California Suite,Maggie Smith,,,,670454734,FALSE,finalized,3,2/10/15 4:08,"Summit, Nj",1,22-Jun-49,1,White,1,Na,1,Straight,1,1980,1,Best Supporting Actress,http://www.nndb.com/people/001/000024926/,,,Kramer vs. Kramer,Meryl Streep,,,,670454735,FALSE,finalized,3,2/10/15 4:14,"Newport, Ar",1,8-Feb-53,1,White,1,Na,1,Straight,1,1981,1,Best Supporting Actress,http://www.nndb.com/people/271/000025196/,,,Melvin and Howard,Mary Steenburgen,,,,670454736,FALSE,finalized,3,2/10/15 2:19,"Troy, Ny",1,21-Jun-25,1,White,1,Roman Catholic,1,Straight,1,1982,1,Best Supporting Actress,http://www.nndb.com/people/376/000032280/,,,Reds,Maureen Stapleton,,,,670454737,FALSE,finalized,3,2/10/15 2:07,"Cloquet, Mn",1,20-Apr-49,1,White,1,Na,1,Straight,1,1983,1,Best Supporting Actress,http://www.nndb.com/people/004/000022935/,,,Tootsie,Jessica Lange,,,,670454738,FALSE,finalized,3,2/10/15 2:05,"Morristown, Nj",1,2-Apr-45,1,White,1,Na,1,Na,0.6857,1984,1,Best Supporting Actress,http://www.nndb.com/people/671/000024599/,,,The Year of Living Dangerously,Linda Hunt,,,,670454739,FALSE,finalized,3,2/10/15 1:49,"Croydon, Surrey, England",1,22-Dec-07,1,White,1,Agnostic,1,Straight,1,1985,1,Best Supporting Actress,http://www.nndb.com/people/816/000063627/,,,A Passage to India,Peggy Ashcroft,,,,670454740,FALSE,finalized,3,2/10/15 2:10,"Santa Monica, Ca",1,8-Jul-51,1,White,1,Na,1,Straight,1,1986,1,Best Supporting Actress,http://www.nndb.com/people/128/000025053/,,,Prizzi's Honor,Anjelica Huston,,,,670454741,FALSE,finalized,3,2/10/15 1:49,"Kansas City, Mo",1,28-Mar-48,1,White,1,Na,1,Straight,1,1987,1,Best Supporting Actress,http://www.nndb.com/people/894/000024822/,,,Hannah and Her Sisters,Dianne Wiest,,,,670454742,FALSE,finalized,3,2/10/15 2:07,"Lowell, Ma",1,20-Jun-31,1,White,1,Na,1,Straight,1,1988,1,Best Supporting Actress,http://www.nndb.com/people/430/000023361/,,,Moonstruck,Olympia Dukakis,,,,670454743,FALSE,finalized,3,2/10/15 3:50,"Wareham, Ma",1,21-Jan-56,1,White,1,Congregationalist,1,Straight,1,1989,1,Best Supporting Actress,http://www.nndb.com/people/883/000022817/,,,The Accidental Tourist,Geena Davis,,,,670454744,FALSE,finalized,3,2/10/15 4:21,"Dublin, Ireland",1,17-Feb-45,1,White,1,Na,1,Straight,1,1990,1,Best Supporting Actress,http://www.nndb.com/people/815/000063626/,,,My Left Foot,Brenda Fricker,,,,670454745,FALSE,finalized,3,2/10/15 2:05,New York City,1,13-Nov-55,1,Black,1,Atheist,1,Straight,1,1991,1,Best Supporting Actress,http://www.nndb.com/people/242/000025167/,,,Ghost,Whoopi Goldberg,,,,670454746,FALSE,finalized,3,2/10/15 2:08,"Queens, Ny",1,28-Feb-48,1,Hispanic,1,Roman Catholic,1,Straight,1,1992,1,Best Supporting Actress,http://www.nndb.com/people/890/000024818/,,,The Fisher King,Mercedes Ruehl,,,,670454747,FALSE,finalized,3,2/10/15 1:46,"Brooklyn, Ny",1,4-Dec-64,1,White,1,Na,1,Straight,1,1993,1,Best Supporting Actress,http://www.nndb.com/people/985/000025910/,,,My Cousin Vinny,Marisa Tomei,,,,670454748,FALSE,finalized,3,2/10/15 2:03,"Winnipeg, Manitoba, Canada",1,24-Jul-82,1,White,1,Na,1,Bisexual,1,1994,1,Best Supporting Actress,http://www.nndb.com/people/763/000025688/,,,The Piano,Anna Paquin,,,,670454749,FALSE,finalized,3,2/10/15 2:00,"Kansas City, Mo",1,28-Mar-48,1,White,1,Na,1,Straight,1,1995,1,Best Supporting Actress,http://www.nndb.com/people/894/000024822/,,,Bullets Over Broadway,Dianne Wiest,,,,670454750,FALSE,finalized,3,2/10/15 2:04,"Tenafly, Nj",1,28-Sep-67,1,White,1,Atheist,1,Straight,1,1996,1,Best Supporting Actress,http://www.nndb.com/people/890/000025815/,,,Mighty Aphrodite,Mira Sorvino,,,,670454751,FALSE,finalized,3,2/10/15 1:58,"Paris, France",1,9-Mar-64,1,White,1,Na,1,Straight,1,1997,1,Best Supporting Actress,http://www.nndb.com/people/970/000025895/,,,The English Patient,Juliette Binoche,,,,670454752,FALSE,finalized,3,2/10/15 1:51,"Athens, Ga",1,8-Dec-53,1,White,1,Na,1,Straight,1,1998,1,Best Supporting Actress,http://www.nndb.com/people/310/000025235/,,,L.A. Confidential,Kim Basinger,,,,670454753,FALSE,finalized,3,2/10/15 4:14,"York, North Yorkshire, England",1,9-Dec-34,1,White,1,Quaker,1,Straight,1,1999,1,Best Supporting Actress,http://www.nndb.com/people/824/000023755/,,,Shakespeare in Love,Judi Dench,,,,670454754,TRUE,golden,87,,"Los Angeles, Ca",0.9593,4-Jun-75,1,White,1,Buddhist,1,Bisexual,1,2000,1,Best Supporting Actress,http://www.nndb.com/people/493/000023424/,,,"Girl, Interrupted",Angelina Jolie,,Buddhist,Bisexual,2000670454755,TRUE,golden,91,,"La Jolla, Ca",1,14-Aug-59,1,White,1,Na,1,Straight,1,2001,0.9195,Best Supporting Actress,http://www.nndb.com/people/641/000025566/,"La Jolla, Ca",,Pollock,Marcia Gay Harden,,,,670454756,FALSE,finalized,3,2/10/15 2:08,"Catskill Mountains, Ny",1,12-Dec-70,1,White,1,Jewish,1,Straight,1,2002,1,Best Supporting Actress,http://www.nndb.com/people/240/000026162/,,,A Beautiful Mind,Jennifer Connelly,,,,670454757,FALSE,finalized,3,2/10/15 2:00,"Mumbles, Wales",1,25-Sep-69,1,White,1,Roman Catholic,1,Straight,1,2003,1,Best Supporting Actress,http://www.nndb.com/people/516/000023447/,,,Chicago,Catherine Zeta-Jones,,,,670454758,FALSE,finalized,3,2/10/15 2:07,"Katy, Tx",1,25-Apr-69,1,White,1,Na,1,Straight,0.6667,2004,1,Best Supporting Actress,http://www.nndb.com/people/708/000024636/,,,Cold Mountain,Renée Zellweger,,,,670454759,FALSE,finalized,3,2/10/15 2:05,"Melbourne, Victoria, Australia",1,14-May-69,1,White,1,Na,1,Straight,1,2005,1,Best Supporting Actress,http://www.nndb.com/people/222/000026144/,,,The Aviator,Cate Blanchett,,,,670454760,TRUE,golden,92,,"London, England",1,7-Mar-71,1,White,1,Jewish,1,Straight,1,2006,1,Best Supporting Actress,http://www.nndb.com/people/309/000032213/,,,The Constant Gardener,Rachel Weisz,,Jewish,,2006670454761,FALSE,finalized,3,2/10/15 4:07,"Chicago, Il",1,12-Sep-81,1,Black,1,Baptist,1,Straight,1,2007,1,Best Supporting Actress,http://www.nndb.com/people/434/000129047/,,,Dreamgirls,Jennifer Hudson,,,,670454762,FALSE,finalized,3,2/10/15 2:00,"London, England",1,5-Nov-60,1,White,1,Na,1,Straight,1,2007,1,Best Supporting Actress,http://www.nndb.com/people/178/000108851/,,,Michael Clayton,Tilda Swinton,,,,670454763,FALSE,finalized,3,2/10/15 1:59,"Madrid, Spain",1,28-Apr-74,1,Hispanic,1,Buddhist,1,Straight,1,2009,1,Best Supporting Actress,http://www.nndb.com/people/748/000025673/,,,Vicky Cristina Barcelona,Penelope Cruz,,,,670454764,TRUE,golden,86,,"Woodlawn, Md",1,11-Dec-67,0.9631,Black,1,Na,1,Straight,1,2010,1,Best Supporting Actress,http://www.nndb.com/people/836/000131443/,,11-Dec-67,Precious,Mo'Nique,Black,,,670454765,FALSE,finalized,3,2/10/15 1:56,New York City,1,14-Sep-60,1,White,1,Na,1,Straight,1,2011,1,Best Supporting Actress,http://www.nndb.com/people/327/000042201/,,,The Fighter,Melissa Leo,,,,670454766,FALSE,finalized,3,2/10/15 2:18,"Montgomery, Al",1,25-May-72,1,Black,1,Na,1,Na,1,2012,1,Best Supporting Actress,http://www.nndb.com/people/304/000281458/,,,The Help,Octavia Spencer,,,,670454767,FALSE,finalized,3,2/10/15 2:18,"Brooklyn, Ny",1,12-Nov-82,1,White,1,Christian,1,Straight,1,2013,1,Best Supporting Actress,http://www.nndb.com/people/220/000032124/,,,Les Misérables,Anne Hathaway,,,,670454768,FALSE,finalized,3,2/10/15 2:10,"Mexico City, Mexico",1,1-Mar-83,1,Black,1,Na,1,Na,1,2014,1,Best Supporting Actress,http://www.nndb.com/people/570/000380427/,,,12 Years a Slave,Lupita Nyong'o,,,,670927629,FALSE,finalized,3,2/10/15 2:02,"Sucha, Galicia, Austria",1,22-Jun-06,1,White,1,Jewish,1,Straight,1,1961,1,Best Director,http://www.nndb.com/people/982/000024910/,,,The Apartment,Billy Wilder,,,,670939613,FALSE,finalized,3,2/10/15 1:53,"Independence, Mo",1,16-Jul-11,1,White,1,Christian Science,1,Straight,1,1941,1,Best Actress,http://www.nndb.com/people/635/000043506/,,,Kitty Foyle,Ginger Rogers,,,,670944094,FALSE,finalized,3,2/10/15 2:18,"Concord, Ca",1,9-Jul-56,1,White,1,Born-Again Christian,1,Straight,1,1994,1,Best Actor,http://www.nndb.com/people/687/000022621/,,,Philadelphia,Tom Hanks,,,,670944168,FALSE,finalized,3,2/10/15 3:55,New York City,1,3-Feb-39,1,White,1,Na,1,Straight,1,1979,0.6667,Best Director,http://www.nndb.com/people/810/000043681/,,,The Deer Hunter,Michael Cimino,,,,670944316,FALSE,finalized,3,2/10/15 2:05,"Quincy, Il",1,3-May-06,1,White,1,Roman Catholic,1,Straight,1,1942,1,Best Supporting Actress,http://www.nndb.com/people/690/000042564/,,,The Great Lie,Mary Astor,,,,670944478,FALSE,finalized,3,2/10/15 1:49,"Los Angeles, Ca",1,4-Jun-75,1,White,1,Buddhist,1,Bisexual,1,2000,1,Best Supporting Actress,http://www.nndb.com/people/493/000023424/,,,"Girl, Interrupted",Angelina Jolie,,,,670944543,FALSE,finalized,3,2/10/15 2:12,New York City,1,31-Oct-27,1,White,1,Jewish,1,Straight,1,1976,1,Best Supporting Actress,http://www.nndb.com/people/409/000032313/,,,Shampoo,Lee Grant,,,,670944623,FALSE,finalized,3,2/10/15 2:11,New York City,1,25-Jun-1903,1,White,1,Na,1,Straight,1,1946,1,Best Supporting Actress,http://www.nndb.com/people/081/000063889/,,,National Velvet,Anne Revere,,,,670944674,FALSE,finalized,3,2/10/15 2:05,"Bascom, Fl",1,14-Jan-41,1,White,1,Roman Catholic,1,Straight,1,1977,1,Best Actress,http://www.nndb.com/people/884/000022818/,,,Network,Faye Dunaway,,,,670944755,FALSE,finalized,3,2/10/15 2:04,"Walters, Ok",1,13-Dec-10,1,White,1,Na,1,Straight,1,1943,1,Best Supporting Actor,http://www.nndb.com/people/680/000042554/,,,Johnny Eager,Van Heflin,,,,670944822,FALSE,finalized,3,2/10/15 4:14,"Thomasville, Ga",1,27-Feb-30,1,White,1,Na,1,Straight,1,1958,1,Best Actress,http://www.nndb.com/people/747/000043618/,,,The Three Faces of Eve,Joanne Woodward,,,,670944835,FALSE,finalized,3,2/10/15 2:08,"Helena, Mt",1,7-May-1901,1,White,1,Roman Catholic,1,Straight,1,1953,1,Best Actor,http://www.nndb.com/people/740/000031647/,,,High Noon,Gary Cooper,,,,670944920,FALSE,finalized,3,2/10/15 3:58,"London, England",1,27-Feb-32,1,White,1,Jewish,1,Straight,1,1967,1,Best Actress,http://www.nndb.com/people/624/000023555/,,,Who's Afraid of Virginia Woolf?,Elizabeth Taylor,,,,670944948,FALSE,finalized,3,2/10/15 2:06,"Lincoln, Ne",1,30-Jul-74,1,White,1,Na,1,Straight,1,2005,1,Best Actress,http://www.nndb.com/people/333/000026255/,,,Million Dollar Baby,Hilary Swank,,,,670945043,TRUE,golden,86,,"Lincoln, Ne",1,30-Jul-74,1,White,1,Na,1,Straight,1,2005,1,Best Actress,http://www.nndb.com/people/333/000026255/,,,Million Dollar Baby,Hilary Swank,,,,670945693,FALSE,finalized,3,2/10/15 1:49,"Los Angeles, Ca",1,27-Sep-72,1,White,1,Jewish,1,Straight,1,1999,1,Best Actress,http://www.nndb.com/people/592/000023523/,,,Shakespeare in Love,Gwyneth Paltrow,,,,670945790,FALSE,finalized,3,2/10/15 2:08,"Malden, Ma",1,16-Jun-07,1,White,1,Na,1,Na,1,1969,1,Best Supporting Actor,http://www.nndb.com/people/559/000049412/,,,The Subject Was Roses,Jack Albertson,,,,670945834,FALSE,finalized,3,2/10/15 2:07,"Woodlawn, Md",1,11-Dec-67,1,Black,1,Na,1,Straight,1,2010,1,Best Supporting Actress,http://www.nndb.com/people/836/000131443/,,,Precious,Mo'Nique,,,,670945895,FALSE,finalized,3,2/10/15 2:13,"La Jolla, Ca",1,14-Aug-59,1,White,1,Na,1,Straight,1,2001,1,Best Supporting Actress,http://www.nndb.com/people/641/000025566/,,,Pollock,Marcia Gay Harden,,,,670946199,FALSE,finalized,3,2/10/15 2:03,"Ilford, Essex, England",1,28-Dec-34,1,White,1,Na,1,Straight,1,1970,1,Best Actress,http://www.nndb.com/people/260/000030170/,,,The Prime of Miss Jean Brodie,Maggie Smith,,,,670946276,FALSE,finalized,3,2/10/15 2:00,"London, England",1,7-Mar-71,1,White,1,Jewish,1,Straight,1,2006,0.6857,Best Supporting Actress,http://www.nndb.com/people/309/000032213/,,,The Constant Gardener,Rachel Weisz,,,,670946299,FALSE,finalized,3,2/10/15 2:04,"Manchester, England",1,20-Oct-56,1,White,1,Roman Catholic,1,Straight,1,2009,1,Best Director,http://www.nndb.com/people/887/000044755/,,,Slumdog Millionaire,Danny Boyle,,,,670964912,FALSE,finalized,3,2/10/15 2:03,"Chicago, Il",1,26-Jul-22,1,White,1,Na,1,Straight,1,1977,1,Best Supporting Actor,http://www.nndb.com/people/224/000032128/,,,All the President's Men,Jason Robards,,,,670964956,FALSE,finalized,3,2/10/15 2:01,"Laurel, Ne",1,31-Aug-28,1,White,1,Na,1,Straight,1,1999,1,Best Supporting Actor,http://www.nndb.com/people/764/000022698/,,,Affliction,James Coburn,,,,670972898,FALSE,finalized,3,2/10/15 2:01,"Nevada, Mo",1,5-Aug-06,1,White,1,Na,1,Straight,1,1949,1,Best Director,http://www.nndb.com/people/704/000024632/,,,The Treasure of the Sierra Madre,John Huston,,,,